Vineyard Name,Vineyard County,Vineyard Postcode,Vineyard Country,Website Address,Ha of planted vines,Latitude,Longitude,,,,,,,,,,,,
Abberley Hills Vineyard,Worcestershire,WR6 6JP,England,www.abberleyhillsvineyard.co.uk,0.2,52.29338,-2.3591,,,,,,,,,,,,
Abbey Vineyards - Amersham Vineyard (Magpie Lane),Buckinghamshire,HP7 0LU,England,www.abbeyvineyards.co.uk,4.3,51.63928,-0.62419,,,,,,,,,,,,
Abbey Vineyards - Granby Vineyard,Nottinghamshire,NG13 9PU,England,www.abbeyvineyards.co.uk,1.25,52.91806,-0.88631,,,,,,,,,,,,
Abbey Vineyards - Lyndon Top Vineyard (Rutland Water),Rutland,LE15 8RN,England,www.abbeyvineyards.co.uk,1.6194,52.63719,-0.67749,,,,,,,,,,,,
Abbey Vineyards - Old Oak Vineyard (Preston),Rutland,LE15 9NP,England,www.abbeyvineyards.co.uk,1.5,52.61107,-0.71459,,,,,,,,,,,,
Abbey Vineyards - Windy Ridge Vineyard (East Bridgeford),Nottinghamshire,NG13 8LP,England,www.abbeyvineyards.co.uk,3,52.99624,-0.94983,,,,,,,,,,,,
a'Beckett's Vineyard,Wiltshire,SN10 4EN,England,www.abecketts.co.uk,3.58,51.2889,-2.00491,,,,,,,,,,,,
Absent Friends Allotment Vines,Cambridgeshire,CB22 5BT,England,Not Available,0.017,52.14392,0.1544,,,,,,,,,,,,
Acomb Grange Vineyard,North Yorkshire,YO23 3QZ,England,www.acombgrange.co.uk,0.0336,53.94931,-1.14372,,,,,,,,,,,,
Adderstone Vineyard,Northumberland,NE70 7HS,England,Not Available,0.0999,55.57603,-1.78691,,,,,,,,,,,,
Adgestone Vineyard,Isle of Wight,PO36 0ES,England,www.adgestonevineyard.co.uk,3.5087,50.67592,-1.15552,,,,,,,,,,,,
Alara Wholefoods Vineyard,London,NW1 0PF,England,www.alara.co.uk,0.035,51.539476,-0.131169,,,,,,,,,,,,
Albourne Estate,West Sussex,BN6 9DX,England,www.albourneestate.co.uk,12.2,50.92671,-0.22399,,,,,,,,,,,,
Albourne Vineyard,West Sussex,BN6 9BX,England,twitter.com/albournevineyrd,0.29,50.9332,-0.20092,,,,,,,,,,,,
Albury Organic Vineyard,Surrey,GU5 9BW,England,www.alburyvineyard.com,4.9487,51.22548,-0.48352,,,,,,,,,,,,
Alder Ridge Vineyard,Berkshire,RG17 0SP,England,www.cobbsfarmshop.co.uk,2.9008,51.4124,-1.54862,,,,,,,,,,,,
Alder Vineyard,Devon,EX20 4PJ,England,aldervineyard.uk,1.469,50.664,-4.16272,,,,,,,,,,,,
Aldwick Estate,North Somerset,BS40 5AL,England,www.aldwickestate.co.uk,4.59,51.34529,-2.72668,,,,,,,,,,,,
Alexandra Road Allotments Vineyard,Surrey,KT17 4EQ,England,alexallotment.wordpress.com/vineyard,0.01,51.33234,-0.25657,,,,,,,,,,,,
Althorne Estate Vineyard,Essex,CM3 6EW,England,Not Available,1.4164,51.65723,0.79575,,,,,,,,,,,,
Amber Valley Wines - Doehole,Derbyshire,DE55 6ED,England,www.ambervalleywines.co.uk,0.64,53.12624,-1.46529,,,,,,,,,,,,
Ancre Hill Vineyard - Newton Court Vineyard,Monmouthshire,NP25 3SP,Wales,www.ancrehillestates.co.uk,8.5776,51.82663,-2.69531,,,,,,,,,,,,
Ancre Hill Vineyard - Rockfield Road Vineyard,Monmouthshire,NP25 5HS,Wales,www.ancrehillestates.co.uk,3.4224,51.82017,-2.73128,,,,,,,,,,,,
"Annevilles, Les",Guernsey,GY7 9JR,Channel Isles,Not Available,0.5,49.454731,2.637365,,,,,,,,,,,,
Artelium Wine Estate (Ditchling),East Sussex,BN6 8SA,England,Not Available,7.0821,50.93505,-0.0764,,,,,,,,,,,,
Artelium Wine Estate (Madehurst),West Sussex,BN18 0NJ,England,Not Available,10.6,50.87935,-0.60344,,,,,,,,,,,,
Ashby Valley,Norfolk,NR14 7BW,England,Not Available,0.739,52.56208,1.43491,,,,,,,,,,,,
Ashcot Vineyard,Devon,EX14 9SY,England,Not Available,4.6,50.80458,-3.12674,,,,,,,,,,,,
Ashleworth Manor Vineyard,Gloucestershire,GL19 4LA,England,Not Available,0.08,51.92923,-2.26598,,,,,,,,,,,,
Ashling Park Vineyard,West Sussex,PO18 8DP,England,www.ashlingpark.co.uk,5.25,50.86074,-0.84929,,,,,,,,,,,,
Ashling Park Vineyard - Coldharbour Vineyard,West Sussex,RH20 1PR,England,Not Available,8.33,50.91685,-0.61572,,,,,,,,,,,,
Ashwell Vineyard,Devon,TQ13 9EJ,England,Not Available,0.1,50.59501,-3.67066,,,,,,,,,,,,
Astley Vineyards,Worcestershire,DY13 0RU,England,www.astleyvineyard.co.uk,2,52.30376,-2.28998,,,,,,,,,,,,
Aunemouth Vineyard,Devon,TQ7 3AD,England,Not Available,0.2,50.28349,-3.85572,,,,,,,,,,,,
Avalon Vineyard,Somerset,BA4 6UA,England,www.pennardorganicwines.co.uk,0.62,51.13401,-2.58955,,,,,,,,,,,,
Avonleigh Orchards,Wiltshire,BA15 2RD,England,Not Available,1.8,51.35609,-2.24236,,,,,,,,,,,,
Avonwood Vineyard,"Bristol, City of",BS9 1PH,England,Not Available,0.2,51.47191,-2.63724,,,,,,,,,,,,
Babu's Vineyard,Norfolk,NR9 5LF,England,www.Babusvineyard.co.uk,0.24,52.6982,1.10923,,,,,,,,,,,,
Bailey Hills Vineyard,Hertfordshire,CM23 1JG,England,Not Available,1.3306,51.88645,0.14067,,,,,,,,,,,,
Ballydrehid House Estate Vineyard,County Tipperary,Ireland,Ireland,Not Available,Not known,52.404098,-7.94711,,,,,,,,,,,,
Bardfield Vineyard,Essex,CM7 4QD,England,www.greatlodge.co.uk,0.74,51.93418,0.46308,,,,,,,,,,,,
Bardingley Vineyard,Kent,TN12 0EG,England,www.bardingley.com,0.45,51.18547,0.57999,,,,,,,,,,,,
Bardsley Farms Vineyard,Kent,TN12 0RW,England,www.bardsley-england.com,6.8828,51.19248,0.55382,,,,,,,,,,,,
Barebones Vineyard,Somerset,TA10 9DN,England,Not Available,1.21,51.06952,-2.81753,,,,,,,,,,,,
Barlavington Vineyard,West Sussex,GU28 0LF,England,Not Available,5,50.94122,-0.6292,,,,,,,,,,,,
Barnsole Vineyard,Kent,CT3 1LG,England,www.barnsole.co.uk,2.3,51.26369,1.2665,,,,,,,,,,,,
Barons Place Vineyard,Kent,ME18 5NF,England,www.hughlowefarms.com,3.582,51.26289,0.37139,,,,,,,,,,,,
Bartley Mill Vineyard,Kent,TN3 8BH,England,Not Available,2.0235,51.09462,0.33237,,,,,,,,,,,,
Bath Sparkling Wine (Corston Fields),BANES,BA2 9EZ,England,www.bathsparklingwine.co.uk,Not known,51.38194,-2.46861,,,,,,,,,,,,
Baynhams Vineyard,Herefordshire,HR9 7RF,England,Not Available,0.4,51.9676,-2.51786,,,,,,,,,,,,
Beacon Down Vineyard,East Sussex,TN21 0QJ,England,www.beacondown.co.uk,2.5,50.96377,0.21498,,,,,,,,,,,,
Bearley Vineyard,Warwickshire,CV37 0SR,England,www.bearleyvineyard.co.uk,0.4394,52.24323,-1.74098,,,,,,,,,,,,
Beaulieu Vineyard,Hampshire,SO42 7ZN,England,www.beaulieu.co.uk,1,50.82303,-1.45362,,,,,,,,,,,,
Bee Tree Vineyard,East Sussex,RH17 7QS,England,www.vine-works.com,1.56,50.95991,-0.07021,,,,,,,,,,,,
Beeches Vineyard,Herefordshire,HR9 7UD,England,www.beechesvineyard.com,0.3035,51.94127,-2.52094,,,,,,,,,,,,
Beechtree Vineyard,Herefordshire,HR9 6BW,England,Not Available,0.1,51.84871,-2.64889,,,,,,,,,,,,
Beenleigh Manor Vineyard,Devon,TQ9 7EF,England,Not Available,0.13,50.39742,-3.6934,,,,,,,,,,,,
Belvoir Castle Vineyard,Leicestershire,NG32 1PE,England,Not Available,2.03,52.89469,-0.78261,,,,,,,,,,,,
Bewl Water Vineyard,East Sussex,TN5 6EX,England,Not Available,2.6135,51.07251,0.36744,,,,,,,,,,,,
Biddenden Vineyard,Kent,TN27 8DF,England,www.biddendenvineyards.com,8,51.09539,0.64,,,,,,,,,,,,
Biffo Vineyard,East Sussex,Not known,England,Not Available,0.1,50.958633,0.677956,,,,,,,,,,,,
Billings Group,Kent,DA3 8PJ,England,Not Available,9.9,51.36987,0.25349,,,,,,,,,,,,
Birchenwood Vineyard,Hampshire,SO43 7JA,England,www.birchenwood.com,2,50.92258,-1.59844,,,,,,,,,,,,
Birlingham Vineyard,Worcestershire,WR10 3AF,England,Not Available,0.19,52.08215,-2.09009,,,,,,,,,,,,
Bivelham Vineyard,East Sussex,TN19 7JN,England,Not Available,0.1688,51.01207,0.34077,,,,,,,,,,,,
Blabers Hall,Warwickshire,CV7 8EP,England,facebook.com/blabersHallWineEstate,0.1,52.47874,-1.6273,,,,,,,,,,,,
Black Chalk Wines (Cottonworth Vyd),Hampshire,SP11 7JX,England,www.blackchalkwine.co.uk,12.21,51.15583,-1.45824,,,,,,,,,,,,
Black Dog Hill Vineyard,East Sussex,BN6 8XG,England,www.blackdoghillvineyard.com,6.4751,50.90767,-0.10111,,,,,,,,,,,,
Black Mountain Vineyard,Herefordshire,HR2 0RE,England,blackmountainvineyard.co.uk,1.8,52.01961,-2.95855,,,,,,,,,,,,
Blackbarn Farm Vineyard,Essex,CM3 6HF,England,Not Available,0.607,51.65597,0.74394,,,,,,,,,,,,
Blackboys Vineyard (Tickerage Wines),East Sussex,TN22 5LT,England,www.sussexsparklingwines.com,2.12,50.96561,0.16074,,,,,,,,,,,,
Blackdown Ridge Estate,West Sussex,GU27 3BT,England,www.blackdownridge.co.uk,4.5,51.04872,-0.6875,,,,,,,,,,,,
Bluebell Vineyard Estates,East Sussex,TN22 3RU,England,www.bluebellvineyard.co.uk,24.3521,51.01149,-0.0013,,,,,,,,,,,,
Bluestone Vineyards,Wiltshire,SP4 0EW,England,www.bluestonevineyards.co.uk,3.96,51.18026,-1.70172,,,,,,,,,,,,
Bolney Wine Estate,West Sussex,RH17 5NB,England,www.bolneywineestate.com,16.8,50.99386,-0.21116,,,,,,,,,,,,
Bolney Wine Estate - Pookchurch Vineyard,East Sussex,RH17 5JB,England,www.pookchurch.co.uk,26.22,51.00781,-0.16617,,,,,,,,,,,,
Bolton Castle Vineyard,North Yorkshire,DL8 4ET,England,www.boltoncastle.co.uk,0.2,54.32262,-1.94765,,,,,,,,,,,,
Bosue Vineyard,Cornwall,PL26 6EU,England,www.bosuevineyard.co.uk,1.5,50.29528,-4.8352,,,,,,,,,,,,
Bothy Vineyard,Oxfordshire,OX13 6QW,England,www.bothyvineyard.co.uk,2.0243,51.68542,-1.34689,,,,,,,,,,,,
Bow-in-the-Cloud Vineyard,Wiltshire,SN16 9NS,England,www.bowinthecloud.co.uk,1.24,51.59472,-2.06013,,,,,,,,,,,,
Brabourne Vineyard (Court Lodge Farm),Kent,TN25 5LR,England,www.brabournewine.com,0.8,51.13616,1.00534,,,,,,,,,,,,
Bradfields Vineyard,Somerset,TA4 1HR,England,Not Available,0.1,51.00762,-3.18899,,,,,,,,,,,,
Breaky Bottom Vineyard,East Sussex,BN7 3EX,England,www.breakybottom.co.uk,2.4282,50.84012,0.0026,,,,,,,,,,,,
Bredon Hill Estate Vineyard,Worcestershire,WR10 3DN,England,Not Available,1.4642,52.06627,-2.08066,,,,,,,,,,,,
Bredon Vineyard,Worcestershire,GL20 7ER,England,Not Available,0.067,52.03844,-2.09127,,,,,,,,,,,,
Breezy Ridge Vineyard,Dorset,SP7 0LX,England,facebook.com/Breezyridgevineyard,1.6187,50.98011,-2.191,,,,,,,,,,,,
Brenley Vineyard,Kent,ME13 9LY,England,www.brenley-farm.co.uk,24.1516,51.29152,0.92072,,,,,,,,,,,,
Bretts Hall Vineyard (Butterfield - Tudwick),Essex,CO16 0BJ,England,Not Available,3.125,51.86936,1.10356,,,,,,,,,,,,
Brick House Vineyard,Devon,EX6 8HP,England,www.brickhousevineyard.co.uk,0.6552,50.61879,-3.50266,,,,,,,,,,,,
Bride Valley Vineyard,Dorset,DT2 9AW,England,www.bridevalleyvineyard.com,10,50.71302,-2.63853,,,,,,,,,,,,
Bridewell Organic Gardens,Oxfordshire,OX7 3EB,England,www.bridewellorganicgardens.co.uk,0.93,51.83639,-1.46206,,,,,,,,,,,,
Brightwell Vineyard,Oxfordshire,OX10 8LJ,England,www.brightwellvineyard.co.uk,5.76,51.62052,-1.12839,,,,,,,,,,,,
Brigstock Vineyard,Northamptonshire,NN14 3ET,England,Not Available,0.2,52.45841,-0.61219,,,,,,,,,,,,
Brindiwell Vineyard,Devon,EX17 4HR,England,Not Available,2.2,50.85737,-3.57439,,,,,,,,,,,,
Brinsbury College Vineyard,West Sussex,RH20 1DL,England,Not Available,1.2,50.99021,-0.48039,,,,,,,,,,,,
Brissenden Vineyard,Kent,ME17 3DU,England,www.brissendenvineyard.com,2.651,51.19927,0.62083,,,,,,,,,,,,
Brixworth Vineyard,Northamptonshire,LE16 8JT,England,Not Available,6.7013,52.42556,-0.89037,,,,,,,,,,,,
Broadfield Court Vineyard,Herefordshire,HR1 3LG,England,www.broadfieldcourt.com,5.4656,52.17756,-2.67228,,,,,,,,,,,,
Brockbury Hall Vineyard,Herefordshire,WR13 6EH,England,Not Available,0.1,52.07431,-2.36639,,,,,,,,,,,,
Bromley Brook Vineyard,Essex,CO7 7TN,England,Not Available,2.2627,51.90632,1.00118,,,,,,,,,,,,
Bromley Brook Vineyard (The Hollies),Essex,CO7 7TN,England,Not Available,0.4,51.90632,1.00118,,,,,,,,,,,,
Brook Hill Vineyard,Hampshire,SO43 7SB,England,facebook.com/BrookHillWine,1.05,50.928254,-1.615827,,,,,,,,,,,,
Brook House Farm Vineyard,Herefordshire,HR7 4LB,England,Not Available,0.12,52.16657,-2.48739,,,,,,,,,,,,
Broxbournebury Vineyard,Hertfordshire,EN11 8LS,England,www.broxbournebury.co.uk,1.6,51.75335,-0.03629,,,,,,,,,,,,
Brynne Vineyard,Northamptonshire,NN6 9UY,England,www.brynnevineyard.com,1.25,52.32519,-0.89707,,,,,,,,,,,,
Buckley Vineyard,Devon,EX10 0SL,England,Not Available,0.108,50.7195,-3.21678,,,,,,,,,,,,
Buckswood School Vineyard,East Sussex,TN35 4LT,England,www.buckswood.co.uk,0.35,50.90562,0.63293,,,,,,,,,,,,
Budds Farm Vineyard,Kent,TN30 7EL,England,Not Available,1.82,51.00945,0.7139,,,,,,,,,,,,
Bugsell Park Vineyard,East Sussex,TN32 5EN,England,Not Available,0.26,50.99001,0.45798,,,,,,,,,,,,
Burn Valley Vineyard,Norfolk,NR21 9LE,England,www.burnvalleyvineyard.co.uk,3.736,52.91873,0.75043,,,,,,,,,,,,
Burnt Foot Vineyard,Suffolk,IP13 8HA,England,Not Available,0.66,52.30099,1.3731,,,,,,,,,,,,
"Burons, Les Vineyard",Jersey,JE3 6UR,Channel Isles,Not Available,0.0525,49.218161,2.038942,,,,,,,,,,,,
Burrow Cross Vineyard,Devon,EX11 1PZ,England,Not Available,0.7644,50.7355,-3.26193,,,,,,,,,,,,
Burwash Weald Vineyard,East Sussex,TN19 7LA,England,Not Available,1.255,50.98495,0.35347,,,,,,,,,,,,
Busi-Jacobsohn Wine Estate,East Sussex,TN3 9HX,England,www.busijacobsohn.com,4.1863,51.07259,0.22431,,,,,,,,,,,,
Buzzard's Valley Vineyard,Staffordshire,B78 3EQ,England,www.buzzards-valley.co.uk,2.67,52.59548,-1.76631,,,,,,,,,,,,
Caesar's Camp Vineyard,Bedfordshire,SG19 2AD,England,Not Available,0.1,52.12752,-0.2772,,,,,,,,,,,,
Calancombe Vineyard,Devon,PL21 0TU,England,www.calancombe-estate.com,7.66,50.36658,-3.85786,,,,,,,,,,,,
Calleva Wine,Hampshire,RG7 2PS,England,Not Available,2.4,51.34371,-1.10466,,,,,,,,,,,,
Cambas Vineyard (West End Farm Vineyard),Suffolk,IP14 2NF,England,Not Available,8.888,52.16182,0.97228,,,,,,,,,,,,
Camel Valley Vineyard,Cornwall,PL30 5LG,England,www.camelvalley.com,6.71,50.47645,-4.77553,,,,,,,,,,,,
Carden Park Vineyard,Cheshire,CH3 9DQ,England,www.cardenpark.co.uk,1.2,53.074,-2.80733,,,,,,,,,,,,
Carey Valley Wines (Uphill Vineyard),Devon,EX21 5EN,England,www.careyvalleywines.co.uk,0.46,50.73888,-4.28145,,,,,,,,,,,,
Carlton Towers Walled Garden Vineyard,East Yorkshire,DN14 9LZ,England,www.carltontowers.co.uk,0.6,53.70791,-1.02041,,,,,,,,,,,,
Carr Taylor Vineyard,East Sussex,TN35 4SG,England,www.carr-taylor.co.uk,15.65,50.91372,0.56332,,,,,,,,,,,,
Casterbridge Vineyard,Dorset,DT2 9PR,England,Not Available,0.5,50.69948,-2.45135,,,,,,,,,,,,
Castle Brook Vineyard,Herefordshire,HR9 5SG,England,www.castlebrookvineyard.co.uk,1.8,51.89206,-2.56818,,,,,,,,,,,,
Castlewood Vineyard,Devon,EX13 8SS,England,www.castlewoodvineyard.co.uk,1.01,50.73896,-3.03422,,,,,,,,,,,,
Celtic Marches ,Herefordshire,WR6 5BS,England,Not Available,0.6,52.1418,-2.50211,,,,,,,,,,,,
Chafor Wine Estate - High Hedges Vyd,Buckinghamshire,MK18 4HT,England,www.chafor.co.uk,2.98,51.98427,-1.0199,,,,,,,,,,,,
Chafor Wine Estate - Manor Fields Vineyard,Buckinghamshire,HP22 4NR,England,www.chafor.co.uk,0.8907,51.8574,-0.81789,,,,,,,,,,,,
Chaldean Estate Vineyard,Hertfordshire,SG11 2AH,England,www.chaldean.co.uk,4.05,51.87597,0.06289,,,,,,,,,,,,
Chalksole Estate Vineyard,Kent,CT15 7EE,England,Not Available,2.1342,51.14239,1.21583,,,,,,,,,,,,
Champion Court Farm Vineyard,Kent,ME9 0JX,England,Not Available,6.07,51.28784,0.80189,,,,,,,,,,,,
Chapel Down Wines - Boarley Farm Vineyard,Kent,ME14 3BS,England,www.chapeldown.com,63.8,51.30416,0.52419,,,,,,,,,,,,
Chapel Down Wines - Bokes Farm Vineyard,Kent,TN18 4XJ,England,www.chapeldown.com,21,51.04605,0.47473,,,,,,,,,,,,
Chapel Down Wines - Court Lodge Vineyard,Kent,ME14 3DX,England,www.chapeldown.com,43,51.30084,0.54436,,,,,,,,,,,,
Chapel Down Wines - Kit's Coty Vineyard,Kent,ME20 7EF,England,www.chapeldown.com,40,51.31807,0.50774,,,,,,,,,,,,
Chapel Down Wines - Scurms Farm Vineyard,Kent,TN18 5PR,England,www.chapeldown.com,14.569,51.0242,0.58182,,,,,,,,,,,,
Chapel Down Wines - Street Farm Vineyard,Kent,ME14 3DR,England,www.chapeldown.com,30,51.30158,0.54221,,,,,,,,,,,,
Chapel Down Wines - Tenterden Vineyard,Kent,TN30 7NG,England,www.chapeldown.com,7.4,51.0396,0.69846,,,,,,,,,,,,
Chapel Field Vineyard - Railway Vineyard,Norfolk,NR18 9JN,England,Not Available,2.834,52.53982,1.0848,,,,,,,,,,,,
Charity Farm Vineyard,Essex,CM3 8RT,England,Not Available,Not known,51.66913,0.61692,,,,,,,,,,,,
Charles Palmer Vineyard,East Sussex,TN36 4AD,England,www.charlespalmer-vineyards.co.uk,12.5,50.92107,0.69444,,,,,,,,,,,,
Charlie Herring Vineyard,Hampshire,SO41 8LH,England,www.charlieherring.com,0.15,50.76453,-1.57679,,,,,,,,,,,,
Chartham Vineyard,Kent,CT4 7HU,England,www.charthamvineyard.co.uk,2.146,51.25745,1.01807,,,,,,,,,,,,
Chase End Vineyard,Gloucestershire,HR8 1RS,England,Not Available,0.5,52.00614,-2.36998,,,,,,,,,,,,
Château Lattey,Worcestershire,WR5 2QE,England,Not Available,0.1873,52.14821,-2.16993,,,,,,,,,,,,
Chedworth Vineyard,Gloucestershire,GL54 4AG,England,Not Available,0.17,51.8073,-1.92334,,,,,,,,,,,,
Cheniston Vineyard,West Sussex,RH17 5AS,England,Not Available,6.22,50.99588,-0.16403,,,,,,,,,,,,
Chet and Waveney Valley Vineyard,Norfolk,NR15 1BT,England,www.chetvineyard.co.uk,8,52.54538,1.42474,,,,,,,,,,,,
Chevel Estate,Leicestershire,LE17 6DX,England,Not Available,0.53,52.43337,-1.10296,,,,,,,,,,,,
Chilcomb Valley Vineyard,Hampshire,SO21 1HR,England,Not Available,2.1,51.05226,-1.27663,,,,,,,,,,,,
Chilford Hall Vineyard,Cambridgeshire,CB21 4LE,England,www.chilfordhall.co.uk,7.4,52.10807,0.29561,,,,,,,,,,,,
Chiltern Valley Vineyard (Old Luxters),Oxfordshire,RG9 6JW,England,www.chilternvalley.co.uk,1,51.59501,-0.89216,,,,,,,,,,,,
Chilworth Manor Vineyard,Surrey,GU4 8NN,England,chilworthmanorvineyard.com,2.8288,51.21886,-0.53321,,,,,,,,,,,,
Chingley Oast Vineyard,East Sussex,TN5 7QA,England,Not Available,0.8093,51.07659,0.41879,,,,,,,,,,,,
Chinthurst Hill Vineyard,Surrey,GU5 0QH,England,www.chinthurst.com,0.4,51.20117,-0.55438,,,,,,,,,,,,
Claydon Vineyard,Buckinghamshire,MK18 2NG,England,Not Available,0.0547,51.91466,-0.937,,,,,,,,,,,,
Clayhill Vineyard,Essex,CM3 6HF,England,www.clayhillvineyard.co.uk,4,51.65597,0.74394,,,,,,,,,,,,
Claylands Allotments Vineyard,Nottinghamshire,S81 7BG,England,Not Available,0.09,53.31849,-1.13197,,,,,,,,,,,,
Clayton Hills Vineyard,East Sussex,TN20 6RE,England,www.claytonorganicfarm.com,4.665,51.00734,0.25869,,,,,,,,,,,,
Clearview Vineyard,Herefordshire,HR1 4QA,England,Not Available,0.11,52.00958,-2.60053,,,,,,,,,,,,
Clee Hills Vineyard,Shropshire,SY7 9DT,England,Not Available,0.2,52.45542,-2.64175,,,,,,,,,,,,
Clocktower Vineyard,London,TW7 6DW,England,tonyhibbett.blogspot.co.uk,0.03,51.46741,-0.3318,,,,,,,,,,,,
Coach House Vineyard (Hampshire),Hampshire,SO51 6BW,England,Not Available,0.4,50.97083,-1.59273,,,,,,,,,,,,
"Coach House Vineyard, The",Herefordshire,HR9 7LN,England,Not Available,0.22,51.89369,-2.47899,,,,,,,,,,,,
Coates & Seely - Wooldings Vineyard,Hampshire,RG28 7QT,England,www.coatesandseely.com,12,51.24931,-1.31013,,,,,,,,,,,,
Cobland Mill Estate,Cornwall,PL11 3DY,England,Not Available,0.25,50.36785,-4.33265,,,,,,,,,,,,
Coddington Vineyard,Herefordshire,HR8 1JJ,England,www.coddingtonvineyard.co.uk,0.6,52.08124,-2.41162,,,,,,,,,,,,
Colehurst Vineyard,Shropshire,TF9 2JB,England,Not Available,0.53,52.87696,-2.50434,,,,,,,,,,,,
Colemere Vineyard,Shropshire,SY12 0LQ,England,www.colemere.co.uk,0.96,52.89521,-2.83147,,,,,,,,,,,,
Combe Hay Vineyard,Somerset,BA2 7EG,England,www.combehayvineyard.co.uk,0.4,51.3379,-2.3834,,,,,,,,,,,,
Commonwood Vineyard,Shropshire,SY4 5SJ,England,Not Available,0.6,52.84723,-2.75983,,,,,,,,,,,,
Compton Combe Vineyard,East Sussex,BN20 8DA,England,www.bobsbuzz.com,0.1,50.76717,0.2551,,,,,,,,,,,,
Compton Green Vineyard,Gloucestershire,GL18 1LJ,England,www.comptongreen.co.uk,2.1,51.95072,-2.39601,,,,,,,,,,,,
Congham Vineyard,Norfolk,PE31 6BZ,England,Not Available,0.36,52.79232,0.53098,,,,,,,,,,,,
Conwy Vineyard (Gwinllan Conwy),Conwy,LL31 9JF,Wales,gwinllanconwy.co.uk,0.4,53.28834,-3.77774,,,,,,,,,,,,
Coolhurst Vineyard,West Sussex,RH13 6HY,England,www.coolhurstvineyards.com,4.81,51.04495,-0.29039,,,,,,,,,,,,
Coombe Bottom Farm Vineyard,West Sussex,RH12 4TA,England,Not Available,5,51.07758,-0.2459,,,,,,,,,,,,
Coombe Head Meadow Vineyard,Devon,EX17 5AA,England,www.coombeheadmeadow.co.uk,0.7689,50.76895,-3.79201,,,,,,,,,,,,
Coopers Croft Vineyard,Suffolk,CB8 8UZ,England,cooperscroftvineyard.wordpress.com,0.252,52.17439,0.5755,,,,,,,,,,,,
Copdock Hall Vineyard,Suffolk,IP8 3JZ,England,www.copdockhall.com,0.2,52.03182,1.08727,,,,,,,,,,,,
Corfe Castle Vineyard,Dorset,BH20 5JD,England,Not Available,0.4,50.63293,-2.02322,,,,,,,,,,,,
Corner House Vineyard,Oxfordshire,OX12 8JR,England,Not Available,0.4,51.5981,-1.34008,,,,,,,,,,,,
Corston Field Vineyard,Somerset,Not known,England,Not Available,0.1,51.382041,-2.468432,,,,,,,,,,,,
Cossington Farms Vineyard,Kent,ME20 7DF,England,Not Available,2.01,51.31037,0.49924,,,,,,,,,,,,
Cotswold Hills (Down Ampney Vyd - RAU),Gloucestershire,GL7 5QF,England,www.cotswoldhills.org.uk,2.88,51.67034,-1.88556,,,,,,,,,,,,
Court Garden Vineyard,East Sussex,BN6 8TH,England,www.courtgarden.com,7,50.92787,-0.11568,,,,,,,,,,,,
Court House Wines,Dorset,DT9 6LF,England,Not Available,0.28,50.8955,-2.57891,,,,,,,,,,,,
Crazy Pheasant Vineyard,Dorset,BH23 8EW,England,Not Available,0.4,50.80066,-1.74509,,,,,,,,,,,,
Croft Castle Vineyard,Herefordshire,HR6 9PW,England,www.nationaltrust.org.uk/croft-castle-and-parkland,0.1822,52.28497,-2.80803,,,,,,,,,,,,
Crofta Vineyard,Vale of Glamorgan,CF72 8NE,Wales,www.croffta-wine.co.uk,0.4,51.51974,-3.35633,,,,,,,,,,,,
Cross Stream Point Vineyard,West Sussex,RH12 3HZ,England,Not Available,2.428,51.08525,-0.44805,,,,,,,,,,,,
Crouch Ridge Vineyard,Essex,CM3 6BZ,England,www.crouchridge.com,4,51.65552,0.75811,,,,,,,,,,,,
Crouch Valley Vineyard,Essex,CM3 6HE,England,www.newhallwines.com,10,51.65541,0.73354,,,,,,,,,,,,
Crows Lane Estate,Essex,CM3 6SD,England,Not Available,5.85,51.65982,0.62898,,,,,,,,,,,,
Curload Vineyard,Somerset,TA20 3QG,England,Not Available,0.5,50.92084,-3.06819,,,,,,,,,,,,
Cwm Deri Vineyard,Pembrokeshire,SA67 8AP,Wales,www.cwm-deri.co.uk,1,51.75951,-4.84729,,,,,,,,,,,,
Dadnor Court Vineyard,Herefordshire,HR9 6QL,England,Not Available,0.38,51.93343,-2.62957,,,,,,,,,,,,
Dalrossach Vineyard,Aberdeenshire,AB36 8TP,Scotland,Not Available,0.005,57.2178,-2.98018,,,,,,,,,,,,
Dalwood Vineyard,Devon,EX13 7EH,England,www.dalwoodvineyard.co.uk,1.1,50.80043,-3.06661,,,,,,,,,,,,
Danbury Wine Estates,Essex,CM3 4Pl,England,www.danburywineestate.com,10.2977,51.71835,0.58548,,,,,,,,,,,,
Danebury Vineyards,Hampshire,SO20 6JX,England,www.danebury.com,2.9,51.1294,-1.54279,,,,,,,,,,,,
Daria's Vineyard,County Mayo,F28H393,Ireland,viticultureireland.blogspot.com,0.16,53.81081,-9.526607,,,,,,,,,,,,
Dartmoor Vineyard,Devon,TQ13 9HQ,England,Not Available,0.6,50.59639,-3.67545,,,,,,,,,,,,
Dartmoor Way Vineyard,Devon,TQ13 9TS,England,Not Available,0.4,50.6179,-3.71617,,,,,,,,,,,,
Davenport Vineyard - Horsmonden,Kent,TN12 8EF,England,www.davenportvineyards.co.uk,7.466,51.1292,0.4226,,,,,,,,,,,,
Davenport Vineyard - Rotherfield,East Sussex,TN6 3RR,England,www.davenportvineyards.co.uk,1.2174,51.02929,0.20629,,,,,,,,,,,,
Daws Hill Vineyard,Buckinghamshire,HP14 4DY,England,www.dawshillvineyard.co.uk,1.7862,51.67417,-0.86891,,,,,,,,,,,,
Deans Farm Vineyard,Hampshire,GU32 3NP,England,Not Available,0.1482,50.9924,-0.96832,,,,,,,,,,,,
Dedham Vale Vineyard,Essex,CO4 5TS,England,www.dedhamvalevineyard.com,2.61,51.95425,0.88864,,,,,,,,,,,,
Dedham Vale Vineyard,Suffolk,Not known,England,Not Available,0.57,51.954104,0.8953,,,,,,,,,,,,
Denbies Wine Estate,Surrey,RH5 6AA,England,www.denbies.co.uk,89.7,51.24815,-0.33183,,,,,,,,,,,,
Devil's Hill Vineyard,Oxfordshire,RG9 2DN,England,www.facebook.com/devilshillvineyard,0.162,51.54064,-0.90686,,,,,,,,,,,,
Dillions Vineyard,West Sussex,RH17 6HH,England,Not Available,3.5,51.04881,-0.17572,,,,,,,,,,,,
Dingleden Vineyard,Kent,TN17 4JX,England,Not Available,2,51.04347,0.59314,,,,,,,,,,,,
Dinton Vineyard,Buckinghamshire,HP17 8UF,England,dintonwines.com,0.8,51.79584,-0.88268,,,,,,,,,,,,
Docuras Vineyard,Essex,CO4 5QB,England,Not Available,0.7313,51.96506,0.94981,,,,,,,,,,,,
Doles Ash Farm Vineyard,Dorset,DT2 7RE,England,Not Available,0.75,50.80198,-2.3957,,,,,,,,,,,,
Double Hedges Vineyard,Bedfordshire,LU5 6BT,England,www.griffinfarmvineyard.co.uk,1.05,51.94899,-0.53053,,,,,,,,,,,,
Downsview Vineyard,East Sussex,TN6 3RG,England,www.downsviewvineyard.co.uk,0.65,51.03447,0.17844,,,,,,,,,,,,
Downton Vineyard (Off Beat Wines),Wiltshire,SP5 3NW,England,www.botleysfarm.co.uk,1,50.99258,-1.79519,,,,,,,,,,,,
Downwood Vineyards,Dorset,DT11 9HN,England,Not Available,Not known,50.86028,-2.12933,,,,,,,,,,,,
Dreaming Squires Vineyard,Oxfordshire,OX44 7JT,England,facebook.com/DreamingSquiresVineyard,0.344,51.71258,-1.08033,,,,,,,,,,,,
Dropmore Vineyard,Buckinghamshire,SL1 8NF,England,www.dropmorewines.co.uk,0.75,51.56197,-0.6581,,,,,,,,,,,,
Dunesforde Vineyard,North Yorkshire,YO26 9RX,England,www.dunesforde.com,1.61,54.06846,-1.32665,,,,,,,,,,,,
Dunleavy Vineyards,North Somerset,BS40 5RS,England,www.dunleavyvineyards.co.uk,0.68,51.35506,-2.75167,,,,,,,,,,,,
Dunley Vineyard,Hampshire,RG28 7PU,England,Not Available,0.2,51.2791,-1.35673,,,,,,,,,,,,
D'Urberville Wine Estate,Dorset,DT2 9SJ,England,www.durbervillevineyard.co.uk,1.6903,50.73015,-2.4763,,,,,,,,,,,,
Durslade Vineyard,Somerset,BA10 0JH,England,Not Available,1.6236,51.12282,-2.42803,,,,,,,,,,,,
Eades Vineyard,Worcestershire,WR8 0QN,England,Not Available,2.12,52.05395,-2.23211,,,,,,,,,,,,
Earlsdale Vineyard,Shropshire,SY5 0UJ,England,Not Available,0.1,52.64649,-2.8704,,,,,,,,,,,,
Easing Hill Vineyard (Chapel House),Worcestershire,WR6 5PA,England,www.easinghillvineyard.co.uk,1.25,52.20922,-2.36928,,,,,,,,,,,,
East Malling Research Station Vineyard,Kent,ME19 6BJ,England,www.emr.ac.uk,0.7,51.28786,0.43834,,,,,,,,,,,,
East Meon Vineyard,Hampshire,GU32 1NJ,England,www.eastmeonvineyard.co.uk,0.4,50.99564,-1.03048,,,,,,,,,,,,
Ebernoe Vineyard,West Sussex,GU28 9LH,England,Not Available,1,51.03789,-0.63196,,,,,,,,,,,,
Edenberry Vineyard,East Sussex,TN5 7DT,England,Not Available,2.5,51.03023,0.38795,,,,,,,,,,,,
Eglantine Vineyard,Nottinghamshire,LE12 6UX,England,www.eglantinevineyard.co.uk,1.276,52.84556,-1.15115,,,,,,,,,,,,
Elham Valley Vineyard,Kent,CT4 6LN,England,www.vineyardgardencentre.co.uk  ,0.3294,51.18655,1.14392,,,,,,,,,,,,
Elstree Vineyard,Wiltshire,SN14 6PH,England,Not Available,0.1673,51.56192,-2.22964,,,,,,,,,,,,
Elysian Fields Vineyard,Cambridgeshire,CB6 3HJ,England,Not Available,1,52.37123,0.24353,,,,,,,,,,,,
Enborne Vineyard (All Angels),West Berkshire,RG20 0HD,England,www.allangelsvineyard.co.uk,5.59,51.3895,-1.37532,,,,,,,,,,,,
English Oak Vineyard,Dorset,BH16 6BX,England,www.englishoakvineyard.co.uk,8.06,50.76268,-2.07604,,,,,,,,,,,,
Eridge Vineyard (Mike Warren Vyd),East Sussex,TN3 9LE,England,Not Available,0.2,51.08977,0.20213,,,,,,,,,,,,
Everflyht Vineyard (Chalk House),East Sussex,BN6 8XB,England,Not Available,2.637,50.9111,-0.11481,,,,,,,,,,,,
"Evremond, Domaine",Kent,ME13 9SD,England,www.domaineevremond.com,45.4624,51.26014,0.94863,,,,,,,,,,,,
Exton Park Vineyard,Hampshire,SO32 3NW,England,www.extonparkvineyard.com,19.32,50.9829,-1.13581,,,,,,,,,,,,
Eynsfordhill Vineyard,Kent,DA4 0JL,England,Not Available,1.27,51.37251,0.2056,,,,,,,,,,,,
Failand Farm Vineyard,North Somerset,BS8 3TR,England,www.wildwestwines.co.uk,0.115,51.45004,-2.68781,,,,,,,,,,,,
Fairmile Vineyard,Oxfordshire,RG9 2LA,England,www.fairmilevineyard.co.uk,2.892,51.54726,-0.91494,,,,,,,,,,,,
Fairview Vineyard Ltd,Cheshire,SY14 8LL,England,Not Available,0.1,53.06727,-2.74452,,,,,,,,,,,,
Far Acre Farm Vineyard,Kent,TN12 9LT,England,www.faracrefarm.co.uk,0.81,51.15939,0.4851,,,,,,,,,,,,
Farnell Estate - Benenden Vineyard,Kent,TN17 4PH,England,www.farnellfarm.co.uk,0.04,51.04206,0.60183,,,,,,,,,,,,
Farnell Estate - Rolvenden Vineyard,Kent,TN17 4PH,England,www.farnellfarm.co.uk,2.0234,51.04206,0.60183,,,,,,,,,,,,
Fawley Vineyard,Buckinghamshire,RG9 6JA,England,Not Available,0.262,51.57002,-0.91317,,,,,,,,,,,,
Feeringbury Vineyard,Essex,CO5 9RB,England,Not Available,5.7505,51.861,0.70555,,,,,,,,,,,,
Fenny Castle Vineyard,Somerset,BA5 1NL,England,www.fennycastlevineyard.co.uk,1.2,51.20335,-2.69915,,,,,,,,,,,,
Fernhurst Vineyard,Surrey,GU27 3NW,England,Not Available,0.8097,51.05504,-0.72573,,,,,,,,,,,,
Ffynnon Lefrith,Carmarthenshire,SA18 3JH,Wales,Not Available,0.4,51.82663,-4.02029,,,,,,,,,,,,
Field Barn Vineyard,Dorset,DT11 0HT,England,www.fieldbarnfarm.co.uk,0.25,50.79186,-2.2457,,,,,,,,,,,,
First Light Vineyard,Kent,CT15 6BA,England,Not Available,0.0478,51.15715,1.37391,,,,,,,,,,,,
Five Acres Vineyard,Kent,BR6 7HQ,England,www.westfisher.co.uk,0.66,51.33945,0.05499,,,,,,,,,,,,
Fizzical Vineyard,Kent,ME13 0SU,England,Not Available,1.6875,51.3162,0.83237,,,,,,,,,,,,
Fleurfields Vineyard,Northamptonshire,NN6 9DQ,England,www.fleurfields.co.uk,1.5,52.31398,-0.90602,,,,,,,,,,,,
Flint Vineyard,Norfolk,NR35 2AH,England,www.flintvineyard.com,5.9,52.45027,1.3919,,,,,,,,,,,,
Fluxton Vineyard,Devon,EX5 2FH,England,Not Available,0.0396,50.7166,-3.36281,,,,,,,,,,,,
Fordlands Farm Vineyard,East Sussex,TN33 9BT,England,Not Available,0.36,50.88444,0.47391,,,,,,,,,,,,
Forest Edge Vineyard,Hampshire,SP6 2NW,England,www.swallowfinewine.co.uk,0.1349,50.97465,-1.72061,,,,,,,,,,,,
Forstal Farm Vineyard,East Sussex,TN31 6YD,England,Not Available,3.4413,50.97657,0.68483,,,,,,,,,,,,
Forty Hall Vineyard,London,EN2 9HA,England,www.fortyhallvineyard.org.uk,4.04,51.66979,-0.06857,,,,,,,,,,,,
Four Acres Estate,Hertfordshire,SG11 2AW,England,www.fouracresestate.co.uk,0.3,51.86997,0.07669,,,,,,,,,,,,
Four Oaks Vineyard,Northamptonshire,NN3 7RT,England,Not Available,0.0893,52.29756,-0.86409,,,,,,,,,,,,
Fowlers Vineyard,West Sussex,RH14 9DY,England,Not Available,0.1,50.99534,-0.4361,,,,,,,,,,,,
Fox & Fox - Hobdens Vineyard,East Sussex,TN20 6HH,England,www.foxandfox.wine,1.4,51.01194,0.24022,,,,,,,,,,,,
Foxbury Fields Vineyard,Herefordshire,HR8 1PB,England,Not Available,0.4,51.9947,-2.37685,,,,,,,,,,,,
Friday Street Vineyard,Kent,ME17 3DD,England,www.fridaystreetfarm.co.uk,4.35,51.21328,0.61291,,,,,,,,,,,,
Frithsden Vineyard,Hertfordshire,HP1 3DD,England,Not Available,1.232,51.77861,-0.52807,,,,,,,,,,,,
Froginwell Vineyard,Devon,EX5 1EP,England,www.froginwellvineyard.co.uk,0.4,50.70536,-3.38344,,,,,,,,,,,,
Frome Valley Vineyard,Herefordshire,WR6 5BJ,England,www.fromevalleyvineyard.co.uk,1.5,52.14745,-2.48431,,,,,,,,,,,,
Fulbeck Gardens Vineyard,Lincolnshire,NG32 3HH,England,www.ownsworths.co.uk,1.144,53.04545,-0.57953,,,,,,,,,,,,
Furleigh Estate,Dorset,DT6 5JF,England,www.furleighestate.co.uk,5.5,50.78023,-2.77824,,,,,,,,,,,,
Furnace Farm Barn,Herefordshire,Not known,England,Not Available,0.1,54.451609,-0.858434,,,,,,,,,,,,
Furneaux Vineyard,Devon,PL2 3EU,England,Not Available,0.0001,50.38961,-4.15748,,,,,,,,,,,,
Galleywood Vineyard,Essex,CM2 7SX,England,www.galleywood.wine,2.83,51.69986,0.49946,,,,,,,,,,,,
Gelynis Vineyard - Hill Farm Vineyard,Vale of Glamorgan,CF72 8JY,Wales,Not Available,0.3,51.49104,-3.3803,,,,,,,,,,,,
Gelynis Vineyard - Morganstown,Cardiff,CF15 8LB,Wales,www.gelynisfarm.co.uk,0.3,51.52978,-3.25913,,,,,,,,,,,,
Giffords Hall Vineyard,Suffolk,IP29 4EX,England,www.giffordshall.co.uk,4.6,52.13092,0.6922,,,,,,,,,,,,
Glastonbury Vineyard,Somerset,Not known,England,Not Available,0.1,51.106284,-2.646793,,,,,,,,,,,,
Glyndŵr Vineyard,Vale of Glamorgan,CF71 7JF,Wales,www.glyndwrvineyard.co.uk,1.6488,51.45606,-3.46343,,,,,,,,,,,,
Godstone Vineyards,Surrey,RH9 8DQ,England,www.godstonevineyards.com,2,51.26393,-0.0623,,,,,,,,,,,,
Gog Magog Vineyard,Cambridgeshire,CB22 5AN,England,www.gogmagogvineyard.co.uk,0.33,52.15989,0.15608,,,,,,,,,,,,
Good Earth Vineyard,Lincolnshire,PE9 2QH,England,www.an-english-vineyard.blogspot.com,0.0144,52.64917,-0.48918,,,,,,,,,,,,
Good Easter Vineyard,Essex,CM1 4QH,England,Not Available,0.9874,51.78631,0.34533,,,,,,,,,,,,
Goodworth Clatford Vineyard,Hampshire,SP11 7HL,England,Not Available,0.4,51.1801,-1.47711,,,,,,,,,,,,
Gorsley Vineyard,Kent,CT4 6EH,England,facebook.com/gorsleyvineyard,1,51.21738,1.09675,,,,,,,,,,,,
Gote Vineyard (New Site),East Sussex,BN45 7BA,England,Not Available,14.85,50.91046,-0.20919,,,,,,,,,,,,
"Gote Vineyard, The",East Sussex,BN6 8RN,England,Not Available,6.475,50.90538,-0.08449,,,,,,,,,,,,
Grace Dieu Vineyard,Leicestershire,LE67 5AN,England,facebook.com/gracedieuvineyard,0.4,52.74797,-1.3613,,,,,,,,,,,,
Granary Hotel & Restaurant,Worcestershire,DY10 4BS,England,www.granary-hotel.co.uk,0.12,52.36015,-2.20924,,,,,,,,,,,,
Grange Estate Wines (Burges Field),Hampshire,SO21 1BL,England,www.thegrangewine.co.uk,10.4,51.09529,-1.22644,,,,,,,,,,,,
Grape Passions,Essex,CM8 3AA,England,www.grapepassions.co.uk,0.0396,51.81123,0.65371,,,,,,,,,,,,
Gravel Lane Vineyard,Essex,IG7 6DQ,England,facebook.com/GravelLaneVineyard,1,51.63422,0.11154,,,,,,,,,,,,
Great Barn Vineyard,East Sussex,TN33 0RB,England,Not Available,0.23,50.92326,0.51334,,,,,,,,,,,,
Great Canney Vineyard,Essex,CM3 6RP,England,Not Available,3.1,51.67322,0.6578,,,,,,,,,,,,
Great House Vineyard,Vale of Glamorgan,CF71 7LR,Wales,Not Available,0.33,51.44532,-3.44902,,,,,,,,,,,,
Great Ropers Vineyard,Suffolk,CO8 5JX,England,Not Available,0.2,51.98821,0.79212,,,,,,,,,,,,
Great Stocks Vineyard,Essex,CM4 9RB,England,www.newhallwines.co.uk,3.75,51.66888,0.46104,,,,,,,,,,,,
Great Whitmans Vineyard,Essex,CM3 6RW,England,Not Available,31.5662,51.67635,0.65212,,,,,,,,,,,,
Greenhill Estate (Stocklands Vineyard),Somerset,TA7 8PN,England,www.greenhillestate.co.uk,0.8094,51.15468,-2.94721,,,,,,,,,,,,
Greyfriars Vineyard,Surrey,GU3 1AG,England,www.greyfriarsvineyard.com,16.2,51.22606,-0.64649,,,,,,,,,,,,
Grove Estate Vineyard,Staffordshire,ST21 6ND,England,www.groveestatevineyard.co.uk,0.4,52.8755,-2.21372,,,,,,,,,,,,
Grove House Vineyard,Northamptonshire,NN29 7TQ,England,Not Available,2,52.27454,-0.70751,,,,,,,,,,,,
Guidfa Farm Vineyard,Powys,Not known,Wales,Not Available,0.1,50.637675,-3.344439,,,,,,,,,,,,
Guilden Gate Vineyard,Hertfordshire,SG8 5PD,England,www.guildengate.co.uk,0.2,52.0855,-0.06093,,,,,,,,,,,,
Gusbourne - Downfield Vineyard,West Sussex,PO18 0LY,England,www.gusbourne.com,9.3,50.88581,-0.67929,,,,,,,,,,,,
Gusbourne - Gusbourne Vineyard,Kent,TN26 2BE,England,www.gusbourne.com,60.5,51.04843,0.79839,,,,,,,,,,,,
Gusbourne - Halnaker Vineyard,West Sussex,PO18 0QS,England,www.gusbourne.com,3.9,50.8719,-0.69007,,,,,,,,,,,,
Gusbourne - Selhurst Vineyard,West Sussex,PO18 0LY,England,www.gusbourne.com,19,50.88581,-0.67929,,,,,,,,,,,,
Gwernaffield Vineyard,Flintshire,CH7 5DJ,Wales,www.gwernaffieldvineyard.co.uk,0.5,53.17171,-3.19315,,,,,,,,,,,,
Hale Valley Vineyard,Buckinghamshire,HP22 6NQ,England,halevalleywine.com,0.4,51.758,-0.72775,,,,,,,,,,,,
Halfpenny Green Vineyard,Staffordshire,DY7 5EP,England,www.halfpennygreenvineyards.co.uk,10.36,52.53108,-2.25144,,,,,,,,,,,,
Halletts Barn Vineyard,East Sussex,BN6 8TN,England,Not Available,0.273,50.93823,-0.10534,,,,,,,,,,,,
Ham Street Wines,Kent,TN26 2JX,England,hamstreetwines.co.uk,3.9408,51.06167,0.83307,,,,,,,,,,,,
Hamble Valley,Hampshire,SO32 2DA,England,Not Available,0.4,50.92555,-1.25783,,,,,,,,,,,,
Hambledon Vineyard,Hampshire,PO7 4RY,England,www.hambledonvineyard.co.uk,28.73,50.93507,-1.07779,,,,,,,,,,,,
Hambledon Vineyard - Meonhill Vineyard,Hampshire,PO7 4TE,England,www.hambledonvineyard.co.uk,3.48,50.96391,-1.06925,,,,,,,,,,,,
Hambledon Vineyard - New site,Hampshire,PO7 4RY,England,www.hambledonvineyard.co.uk,58.08,50.93507,-1.07779,,,,,,,,,,,,
Hanley Vineyard,Worcestershire,Not known,England,Not Available,0.1,51.668086,-2.630095,,,,,,,,,,,,
Hanna's Vineyard,Gloucestershire,GL5 5DE,England,Not Available,0.3333,51.72237,-2.21334,,,,,,,,,,,,
Hanwell Wine Estate,Nottinghamshire,LE14 3QG,England,www.hanwellwine.co.uk,2.5,52.84701,-1.0217,,,,,,,,,,,,
Harbourne Vineyard,Kent,TN26 3HD,England,www.harbournevineyard.co.uk,1.2,51.12608,0.72357,,,,,,,,,,,,
Harbours Hill Vineyard,Worcestershire,B60 4AG,England,Not Available,0.95,52.29231,-2.06659,,,,,,,,,,,,
Harden Vineyard,Kent,TN11 8DX,England,Not Available,3,51.16622,0.16048,,,,,,,,,,,,
Hargrove Estate,Shropshire,SY6 7DP,England,Not Available,1.25,52.52591,-2.74523,,,,,,,,,,,,
Harmony Vineyard,West Sussex,BN43 5YD,England,Not Available,1.566,50.8273,-0.28692,,,,,,,,,,,,
Harrow & Hope Vineyard,Buckinghamshire,SL7 3RD,England,www.harrowandhope.com,6.2,51.5918,-0.76335,,,,,,,,,,,,
Hattingley Valley Vineyard,Hampshire,GU34 5NQ,England,www.hattingleyvalley.co.uk,10.5,51.131,-1.08143,,,,,,,,,,,,
Hawkers Hill Vineyard,Norfolk,PE31 8JY,England,Not Available,1.8,52.94529,0.68281,,,,,,,,,,,,
Hawkwood Vineyard,London,E4 7UH,England,www.organiclea.org.uk,0.1,51.64072,-0.00292,,,,,,,,,,,,
Hazel End Vineyard,Essex,CM23 1HG,England,www.corylet.com,1.2199,51.89797,0.16506,,,,,,,,,,,,
Hazel Street Farm Vineyard,Kent,TN12 8EF,England,www.davenportvineyards.co.uk,17.1174,51.1292,0.4226,,,,,,,,,,,,
Hazelbrook Farm Vineyard,West Sussex,RH13 8PX,England,Not Available,0.27,50.97459,-0.39582,,,,,,,,,,,,
Hazlehurst Farm Vineyard,East Sussex,Not known,England,Not Available,0.1,50.769348,-1.596919,,,,,,,,,,,,
Heartenoake Vineyard,Kent,TN18 5EU,England,Not Available,3.8784,51.05721,0.51019,,,,,,,,,,,,
"Hebron Vineyard, The",Carmarthenshire,SA34 0XS,Wales,www.hebronvineyard.com,1.82,51.91873,-4.66779,,,,,,,,,,,,
Hedenham Hall Vineyard,Norfolk,NR35 2LF,England,Not Available,1.43,52.48657,1.40412,,,,,,,,,,,,
Hegdon Hill Vineyard,Herefordshire,HR7 4SL,England,Not Available,0.68,52.18313,-2.62758,,,,,,,,,,,,
Helmsley Walled Garden Vineyard,North Yorkshire,YO62 5AH,England,www.helmsleywalledgarden.org.uk,0.0001,54.24497,-1.06704,,,,,,,,,,,,
Hencote Vineyard,Shropshire,SY4 3AA,England,www.hencote.com,6.46,52.73297,-2.75169,,,,,,,,,,,,
Hendred Vineyard,Oxfordshire,OX12 8HR,England,www.hendredvineyard.co.uk,0.81,51.59999,-1.34393,,,,,,,,,,,,
Hengoed Vineyard,Shropshire,SY10 7EJ,England,Not Available,0.4,52.89602,-3.04716,,,,,,,,,,,,
Henners Vineyard,East Sussex,BN27 1RJ,England,www.hennersvineyard.co.uk,2.88,50.87851,0.32557,,,,,,,,,,,,
"Henniere Vineyard, La",Jersey,JE3 6HY,Channel Isles,Not Available,Not known,49.214799,2.05311,,,,,,,,,,,,
Henry's Field Vineyard,Bedfordshire,MK44 3DA,England,Not Available,Not known,52.19006,-0.33772,,,,,,,,,,,,
Heppington Vineyard,Kent,CT4 7AN,England,www.heppingtonvineyard.co.uk,6.25,51.2431,1.07515,,,,,,,,,,,,
Herdsman Vineyard,Lancashire,PR3 6BY,England,Not Available,0.5625,53.92529,-2.87988,,,,,,,,,,,,
Heron Farm Vineyard,Devon,EX14 3NZ,England,www.heron-farm.co.uk,1.5,50.79523,-3.21835,,,,,,,,,,,,
Herts Oak Farm Vineyard,Hertfordshire,EN10 7QJ,England,Not Available,0.3,51.73181,-0.07243,,,,,,,,,,,,
Hidden Spring Vineyard,East Sussex,TN21 0HG,England,www.hiddenspring.co.uk,5.53,50.93614,0.25436,,,,,,,,,,,,
Hidden Vineyard (Cowley Estate),Gloucestershire,GL7 5UH,England,Not Available,0.02,51.66898,-1.93119,,,,,,,,,,,,
High Clandon Vineyard,Surrey,GU4 7RP,England,www.highclandon.co.uk,0.4,51.24814,-0.47616,,,,,,,,,,,,
High Cross Vineyard,Leicestershire,LE17 5,England,Not Available,0.015,52.493758,-1.277119,,,,,,,,,,,,
High House Farm Vineyard (Cobble Hill),Norfolk,Not known,England,Not Available,0.1,51.655888,0.791414,,,,,,,,,,,,
Highdown Vineyard,West Sussex,BN12 6PG,England,www.highdown-vineyard.co.uk,2.5,50.82225,-0.44455,,,,,,,,,,,,
Higher Bumsley Vineyard,Devon,EX31 4PT,England,www.bumsley.co.uk,0.83,51.19631,-3.92659,,,,,,,,,,,,
Higher Plot Vineyard (Smith & Evans),Somerset,TA10 0QL,England,www.smithandevans.co.uk,1.05,51.05239,-2.83864,,,,,,,,,,,,
Higher Sandford Vineyard,Dorset,DT9 4RP,England,Not Available,0.2,50.98098,-2.53226,,,,,,,,,,,,
Highfields Farm,Kent,Not known,England,Not Available,3,51.97949,0.810519,,,,,,,,,,,,
Hilda's Field Vineyard,Suffolk,CO10 7AE,England,Not Available,0.09,52.05493,0.69202,,,,,,,,,,,,
Hilden Vineyard,Kent,TN11 9JX,England,hildenvineyard.co.uk,1.4,51.22715,0.26069,,,,,,,,,,,,
Hill House Cottage Vineyard (Tom Bunting),Suffolk,CO7 6LD,England,Not Available,5.3165,51.98636,0.95906,,,,,,,,,,,,
Hill House Farm Vineyard,Norfolk,NR16 2LL,England,Not Available,0.648,52.43183,0.95142,,,,,,,,,,,,
Hill View Farm Vineyard,Hampshire,SO21 1LE,england,Not Available,0.24,51.00939,-1.28321,,,,,,,,,,,,
Hillcross Vineyard,London,SM4 4EA,England,Not Available,0.1,51.39936,-0.2035,,,,,,,,,,,,
Hinstock Vineyard,Shropshire,TF9 2ST,England,Not Available,0.088,52.84403,-2.46973,,,,,,,,,,,,
Hoe Farm Vineyard,Worcestershire,WR13 6EP,England,Not Available,1.536,52.09159,-2.36355,,,,,,,,,,,,
Hole Farm Vineyard,Essex,Not known,England,Not Available,0.1,51.704715,-2.67817,,,,,,,,,,,,
Holford Arms Vineyard,Wiltshire,GL8 8QY,England,www.theholfordarms.co.uk,0.1,51.59344,-2.23665,,,,,,,,,,,,
Hollow Lane Vineyard,East Sussex,TN22 5JB,England,Not Available,1.8,50.95551,0.17194,,,,,,,,,,,,
Holmfirth Vineyard,West Yorkshire,HD9 2QR,England,www.holmfirthvineyard.com,1.932,53.55452,-1.80939,,,,,,,,,,,,
Holy Vale Wines Ltd,Isles of Scilly,TR21 0NT,England,www.star-castle.co.uk,0.6,49.92453,-6.29297,,,,,,,,,,,,
Home Farm House Vineyard,Lincolnshire,DN38 6EX,England,Not Available,0.34,53.54424,-0.39718,,,,,,,,,,,,
Hononton Farm Vineyard,Kent,TN12 7BX,England,www.adrianscripps.co.uk,1.65,51.14931,0.42329,,,,,,,,,,,,
Hooperhayne Vineyard,Devon,EX24 6SH,England,www.hooperhayne.com,1,50.74885,-3.10042,,,,,,,,,,,,
Hop Kilns Vineyard,Herefordshire,HR7 4LA,England,www.hopkilnsvineyard.co.uk,0.01,52.17128,-2.50194,,,,,,,,,,,,
Hope Valley Vineyard,Derbyshire,S32 1BR,England,www.hopevalleyvineyard.co.uk,0.6,53.33481,-1.64017,,,,,,,,,,,,
Horton Estate Vineyard,Dorset,BH21 7JG,England,Not Available,3.63,50.86922,-1.94842,,,,,,,,,,,,
Hulmston Vineyard,Hertfordshire,WD3 8EB,England,Not Available,0.0162,51.63403,-0.4948,,,,,,,,,,,,
Humbleyard Vineyard,Norfolk,NR14 8JT,England,www.humbleyardenglishwine.co.uk,2.83,52.56655,1.23479,,,,,,,,,,,,
Hundred Hills Vineyard,Oxfordshire,RG9 6HS,England,www.hundredhills.com,16.8,51.60334,-0.95667,,,,,,,,,,,,
Hungerhill Farm Vineyard,Bedfordshire,MK43 0QF,England,Not Available,2.8169,52.07325,-0.56634,,,,,,,,,,,,
Hunt Hall Farm Vineyard,Warwickshire,CV37 8AE,England,facebook.com/pg/HuntHallVineyard,4.3,52.15293,-1.78336,,,,,,,,,,,,
Hush Heath Estate,Kent,TN12 0HJ,England,www.hushheath.com,22.2942,51.14932,0.51345,,,,,,,,,,,,
Huxbear Vineyard,Devon,TQ13 0EH,England,www.huxbear.com,4,50.59927,-3.61879,,,,,,,,,,,,
Hye House Vineyard,East Sussex,TN33 9BX,England,Not Available,0.79,50.87833,0.49523,,,,,,,,,,,,
Inworth Hall Vineyard,Essex,CO5 9SN,England,Not Available,0.2,51.83096,0.72464,,,,,,,,,,,,
Iron Railway Vineyard,Surrey,RH1 3AL,England,Not Available,0.81,51.28599,-0.15448,,,,,,,,,,,,
Jabajak Vineyard,Carmarthenshire,SA34 0ED,Wales,www.jabajak.co.uk,1,51.85831,-4.57154,,,,,,,,,,,,
Jarrow House Vineyard (Malipion Vyd),Essex,CO7 7LP,England,Not Available,0.08,51.93372,0.99268,,,,,,,,,,,,
Jays Farm Vineyard,Hampshire,SO51 6DN,England,Not Available,0.5,50.98929,-1.54625,,,,,,,,,,,,
JBees Vineyard,Leicestershire,LE3 2GT,England,Not Available,0.0153,52.61472,-1.1734,,,,,,,,,,,,
Jenkyn Place Vineyard,Hampshire,GU10 5LU,England,www.jenkynplace.com,5.7,51.19449,-0.88144,,,,,,,,,,,,
JoJo's Vineyard,Oxfordshire,RG9 6EU,England,www.jojosvineyard.co.uk,2.2,51.60013,-0.97846,,,,,,,,,,,,
Kenton Park Estate,Devon,EX6 8NW,England,www.kentonparkestate.com,4.0469,50.63546,-3.49304,,,,,,,,,,,,
Kents Green Vineyard,Gloucestershire,GL19 3AJ,England,www.kentsgreenwine.co.uk,0.2,51.91358,-2.37815,,,,,,,,,,,,
Kerry Vale Vineyard,Shropshire,SY15 6HU,England,www.kerryvalevineyard.co.uk,2,52.52981,-3.11629,,,,,,,,,,,,
Kidmore Organic Vineyard,Oxfordshire,RG4 9AR,England,Not Available,1,51.5031,-0.98738,,,,,,,,,,,,
Kilcott Valley Vineyard,Gloucestershire,GL12 7RL,England,Not Available,0.12,51.60246,-2.31123,,,,,,,,,,,,
Kiln Copse Vineyard,Hampshire,PO17 6LG,England,Not Available,2.02,50.91233,-1.13441,,,,,,,,,,,,
Kingfishers' Pool Vineyard,Leicestershire,LE7 7LH,England,www.rothleywine.com,0.3,52.70503,-1.15638,,,,,,,,,,,,
King's Ransom Vineyard,Berkshire,SL6 9UB,England,Not Available,0.0308,51.56093,-0.75332,,,,,,,,,,,,
Kingwood Estate,Berkshire,RG4 9HY,England,Not Available,2,51.53157,-1.01815,,,,,,,,,,,,
Kinsbrook Vineyard (Orchard Farmhouse Vyd),West Sussex,RH13 0TR,England,Www.kinsbrookvineyard.co.uk,4.62,51.01691,-0.39189,,,,,,,,,,,,
Kinsbrook Vineyard (Picketty Vineyard),West Sussex,RH20 2LT,England,Www.kinsbrookvineyard.co.uk,4.3,50.95772,-0.42419,,,,,,,,,,,,
Knightor Winery - Portschatho Vineyard,Cornwall,TR2 5EH,England,www.knightor.com,2.7115,50.19128,-4.98116,,,,,,,,,,,,
Knightor Winery - Seaton Vineyard,Cornwall,PL13 1PA,England,www.knightor.com,2.3,50.37007,-4.40569,,,,,,,,,,,,
Knightor Winery & Restaurant,Cornwall,PL26 8YQ,England,www.knightor.com,0.03,50.36827,-4.76226,,,,,,,,,,,,
Knightshayes Vineyard,Devon,EX16 7RG,England,www.nationaltrust.org.uk,0.072,50.92987,-3.48143,,,,,,,,,,,,
Laithwaites - Virginia Water Vineyard,Surrey,GU25 4QE,England,www.laithwaites.co.uk,0.024,51.40879,-0.59213,,,,,,,,,,,,
Laithwaites - Windsor Great Park Vineyard,Berkshire,SL4 2HR,England,www.windsorgreatparkvineyard.com,2.76,51.43432,-0.62093,,,,,,,,,,,,
Lakeside Vineyard,Surrey,KT2 7DY,England,www.shillinglee.co.uk,0.03,51.41841,-0.25695,,,,,,,,,,,,
Lakestreet Vineyard,East Sussex,TN20 6PS,England,Not Available,9.6,51.03855,0.28168,,,,,,,,,,,,
Lamberhurst Vineyard,Kent,TN3 8ER,England,Not Available,8.1,51.09552,0.3864,,,,,,,,,,,,
Lambley Grange,Nottinghamshire,NG14 7AZ,England,Not Available,0.4,53.01255,-1.01387,,,,,,,,,,,,
Lammy's Vineyard (Cheesley Hill Vyd),Wiltshire,SN15 4JX,England,Not Available,0.64,51.53715,-1.95094,,,,,,,,,,,,
Langham Wine Estate,Dorset,DT2 7NG,England,www.langhamwine.co.uk,11.77,50.7707,-2.32177,,,,,,,,,,,,
Lansdowne Vineyard (Burnt House),Surrey,GU5 9JJ,England,www.alburyvineyard.com,4,51.18773,-0.47096,,,,,,,,,,,,
Larkhill Vineyard,Gloucestershire,GL8 8RX,England,www.larkhillvineyard.co.uk,2.362,51.64785,-2.14074,,,,,,,,,,,,
Last Cottage (Fawley),Berkshire,Not known,England,Not Available,0.1,51.567471,-0.909887,,,,,,,,,,,,
Laurel Vines Vineyard & Winery,East Yorkshire,YO25 9BG,England,www.laurel-vines.co.uk,2.96,53.89904,-0.40593,,,,,,,,,,,,
Lavenham Brook Vineyard,Suffolk,CO10 9PB,England,www.lavenhambrook.co.uk. ,3.739,52.09692,0.82731,,,,,,,,,,,,
Laverstoke Park Vineyard,Hampshire,RG25 3DR,England,www.laverstokepark.co.uk,9,51.21833,-1.25822,,,,,,,,,,,,
Leckford Estate Vineyard,Hampshire,SO20 6JG,England,leckfordestate.co.uk,6.7497,51.13679,-1.46488,,,,,,,,,,,,
"Leghe, La Vineyard",Cambridgeshire,PE28 3LH,England,Not Available,1,52.35497,-0.01903,,,,,,,,,,,,
Leigh Park Hotel Vineyard,Wiltshire,BA15 2RA,England,www.leighparkhotel.co.uk,0.5,51.35624,-2.2443,,,,,,,,,,,,
Leventhorpe Vineyard,West Yorkshire,LS26 8AF,England,www.leventhorpevineyard.co.uk,2.21,53.76363,-1.4362,,,,,,,,,,,,
Lily Cottage Vineyard,Somerset,Not known,England,Not Available,Not known,50.637716,-3.344471,,,,,,,,,,,,
Lily Farm Vineyard,Devon,EX9 7AH,England,www.lilyfarmvineyard.com,0.589,50.63895,-3.3455,,,,,,,,,,,,
Limden Vineyard,East Sussex,TN5 7DL,England,facebook.com/LimdenVineyard,0.8,51.04123,0.40625,,,,,,,,,,,,
Limeburn Hill Vineyard,BANES,BS40 8QW,England,www.limeburnhillvineyard.co.uk,0.8,51.37033,-2.62945,,,,,,,,,,,,
Linch Hill Vineyard,Oxfordshire,OX29 5BB,England,Not Available,0.35,51.73505,-1.40709,,,,,,,,,,,,
Lincoln Field Vineyard,Norfolk,NR9 4NP,England,facebook.com/LincolnFieldVineyard,0.033,52.57453,0.94781,,,,,,,,,,,,
Lincoln Vineyard,Lincolnshire,LN2 1PU,England,www.english-heritage.org.uk/daysout/properties/lincoln-medieval-bishops-palace/garden/,0.09,53.23323,-0.53652,,,,,,,,,,,,
Little Hill Vineyard,Herefordshire,WR13 6DT,England,Not Available,0.1,52.06922,-2.35685,,,,,,,,,,,,
Little Knoxbridge Vineyard,Kent,TN12 0EU,England,Not Available,0.533,51.14039,0.55356,,,,,,,,,,,,
Little Oak Vineyard,Gloucestershire,GL55 6LA,England,www.littleoakvineyard.co.uk,0.96,52.0523,-1.75693,,,,,,,,,,,,
Little Pinnolds Vineyard,Gloucestershire,GL11 6EF,England,Not Available,0.737,51.6625,-2.34725,,,,,,,,,,,,
Little Waddon Vineyard,Dorset,DT3 4ER,England,www.littlewaddonvineyard.co.uk,1,50.67004,-2.53651,,,,,,,,,,,,
Little Wold Vineyard,East Yorkshire,HU15 2BE,England,www.littlewoldvineyard.co.uk,2.3665,53.77303,-0.59211,,,,,,,,,,,,
Littlebredy Vineyard,Dorset,DT2 9HL‎,England,www.littlebredy.com,0.05,50.698967,-2.589157,,,,,,,,,,,,
Llaethliw Vineyard,Ceredigion,SA48 7RF,Wales,www.llaethliw.co.uk,5.46,52.21294,-4.23559,,,,,,,,,,,,
Llanerch Vineyard,Vale of Glamorgan,CF72 8GG,Wales,www.llanerch-vineyard.co.uk,2.8,51.50742,-3.36964,,,,,,,,,,,,
Llwyn Hudol Plas Vineyard,Gwynedd,LL53 6TT,Wales,Not Available,0.4,52.90769,-4.39926,,,,,,,,,,,,
Lobbster Plot,Devon,Not known,England,www.lobbsterplot.co.uk,0.1,51.120829,-4.183924,,,,,,,,,,,,
Locksash Vineyard,Hampshire,PO18 9DZ,England,Not Available,1.2,50.91653,-0.89061,,,,,,,,,,,,
Lone Farm Vineyard (Bsixtwelve),Hampshire,SO21 1BX,England,www.bsixtwelve.co.uk,0.809,51.10401,-1.23925,,,,,,,,,,,,
Long Wells Vineyard,West Sussex,RH12 3SL,England,Not Available,0.423,51.10928,-0.35523,,,,,,,,,,,,
Longleat Estate Vineyard,Wiltshire,BA12 7NQ,England,www.longleat.co.uk,1.42,51.18326,-2.27672,,,,,,,,,,,,
Looe Valley Vineyard,Cornwall,PL14 4RN,England,looevalleyvineyard.co.uk,1.65,50.41467,-4.46563,,,,,,,,,,,,
Lopen Vineyard,Somerset,TA13 5JH,England,Not Available,1.6817,50.93338,-2.82035,,,,,,,,,,,,
Lordship's Farm Vineyard,Hertfordshire,SG12 0NS,England,www.lordshipsbarns.co.uk,1,51.88092,-0.05914,,,,,,,,,,,,
Lovells Vineyard,Worcestershire,WR13 6NF,England,www.lovellsvineyard.co.uk,4,52.06183,-2.29481,,,,,,,,,,,,
Lower Lodge Vineyard,West Sussex,RH14 9BE,England,www.corenwine.co.uk,7.73,51.06096,-0.43988,,,,,,,,,,,,
Lowick Vineyard,Northamptonshire,NN14 3BH,England,www.lowickvineyard.com,1.214,52.41692,-0.56385,,,,,,,,,,,,
Ludlow Vineyard,Shropshire,SY7 9DT,England,www.ludlowvineyard.co.uk,1.1,52.45542,-2.64175,,,,,,,,,,,,
Lulham Court Vineyard,Herefordshire,HR2 9JQ,England,Not Available,1.2146,52.06443,-2.86429,,,,,,,,,,,,
Lusca Vineyard,Dublin,K45V248,Ireland,www.llewellynsorchard.ie,0.15,53.528299,-6.108273,,,,,,,,,,,,
Lyde Arundel Vineyard,Herefordshire,HR4 7SN,England,www.lydearundel.com,0.41,52.08624,-2.736,,,,,,,,,,,,
Lympstone Manor Vineyard,Devon,EX8 3NZ,England,www.lympstonemanor.co.uk,4.2,50.64042,-3.41713,,,,,,,,,,,,
Madehurst Lodge Vineyard (Pig Hotel) ,West Sussex,BN18 0NL.,England,Not Available,0.83,50.885115,-0.600771,,,,,,,,,,,,
Maiden Vale Vineyard,Devon,EX13 8AG,England,Not Available,0.5,50.75165,-3.02931,,,,,,,,,,,,
Mallard Point Vineyard,Rutland,PE9 4LH,England,www.eventsandtents.co.uk,2,52.70169,-0.45093,,,,,,,,,,,,
Mannings Heath - Leonardslee Vineyard,East Sussex,RH13 6PP,England,www.leonardsleegardens.co.uk,1.2,51.0167,-0.26155,,,,,,,,,,,,
Mannings Heath Vineyard,West Sussex,RH13 6PG,England,www.manningsheath.com,14.9,51.0527,-0.27478,,,,,,,,,,,,
Manor Farm Vineyard,Leicestershire,LE9 9FF,England,Not Available,0.13,52.64011,-1.28913,,,,,,,,,,,,
Manor School Vineyard,Somerset,DT9 5PZ,England,Not Available,0.1333,50.87407,-2.46243,,,,,,,,,,,,
Manstree Vineyard,Devon,EX2 9QR,England,www.boyces-manstree.co.uk,1.8219,50.68037,-3.55816,,,,,,,,,,,,
Marden Organic (Herbert Hall Wines Ltd),Kent,TN12 9LS,England,www.herberthall.co.uk,1,51.16348,0.49129,,,,,,,,,,,,
Marden Organic Vineyard - Herbert Hall Wines,Kent,TN12 9LS,England,www.herberthall.co.uk,3.5,51.16348,0.49129,,,,,,,,,,,,
"Mare Wine Estate, La",Jersey,JE3 3BA,Channel Isles,www.lamarewineestate.com,5,49.247185,2.185991,,,,,,,,,,,,
Marlings Vineyard,Hampshire,SO41 6EE,England,www.marlingsvineyard.co.uk,0.86,50.78682,-1.61353,,,,,,,,,,,,
Martin's Lane Vineyard,Essex,CM3 6SB,England,www.martinslane.co.uk,8.4657,51.66244,0.64235,,,,,,,,,,,,
Maud Heath Vineyard,Wiltshire,SN11 9LQ,England,www.maudheathvineyard.co.uk,2.4282,51.46646,-2.04556,,,,,,,,,,,,
Mawddach Vineyard,Gwynedd,LL42 1DZ,Wales,Not Available,0.3,52.75211,-4.0076,,,,,,,,,,,,
Mayfield Vineyard,Lincolnshire,NG34 0BX,England,Not Available,4,52.96507,-0.33304,,,,,,,,,,,,
MDCV Ltd - Althorne Vineyard,Essex,CM3 6DS,England,www.mdcvuk.com,37.64,51.64626,0.77463,,,,,,,,,,,,
MDCV Ltd - Bodiam Vineyard,East Sussex,TN32 5UJ,England,www.englishorganicwine.co.uk,1.81,51.00536,0.5399,,,,,,,,,,,,
MDCV Ltd - Kingscote Vineyard,West Sussex,RH19 4LG,England,www.kingscoteestate.com,24.2817,51.09659,-0.04022,,,,,,,,,,,,
MDCV Ltd - Luddesdown Vineyard,Kent,DA13 0XE,England,www.mdcvuk.com,176.9,51.37199,0.39896,,,,,,,,,,,,
MDCV Ltd - Old Place Farm Sandhurst Vineyard,Kent,TN18 5NX,England,www.englishorganicwine.co.uk,40.06,51.01493,0.55072,,,,,,,,,,,,
MDCV Ltd - Sedlescombe Organic Vineyard,East Sussex,TN32 5SA,England,www.englishorganicwine.co.uk,2.8,50.95572,0.52812,,,,,,,,,,,,
Meadow Farm Vineyard,West Sussex,PO18 8DN,England,Not Available,1.3,50.85892,-0.84829,,,,,,,,,,,,
Meadow Grove Vineyard,Oxfordshire,OX12 9NA,England,Not Available,0.2,51.58457,-1.43912,,,,,,,,,,,,
Meadow View Vineyard,Vale of Glamorgan,CF71 7LJ,Wales,facebook.com/MeadowViewWinery,0.4,51.45695,-3.47799,,,,,,,,,,,,
Melbury Vale Vineyard,Dorset,SP7 0BW,England,www.mvwinery.co.uk,0.8,50.98841,-2.17914,,,,,,,,,,,,
Meopham Court Vineyard,Kent,DA13 0AA,England,Not Available,0.11,51.37224,0.36249,,,,,,,,,,,,
Meopham Valley Vineyard,Kent,DA13 0PY,England,www.meophams.co.uk,2,51.36154,0.35701,,,,,,,,,,,,
Mereworth Wines,Kent,ME18 5PJ,England,www.mereworthwines.co.uk,2.4375,51.26398,0.4096,,,,,,,,,,,,
Merlins Vineyard,Gloucestershire,GL18 1DQ,England,Not Available,0.56,51.95104,-2.40582,,,,,,,,,,,,
Mersea Island Vineyard,Essex,CO5 8SX,England,vineyard.merseabrewery.co.uk,2,51.78336,0.95486,,,,,,,,,,,,
Methersham Vineyard,East Sussex,TN31 6TX,England,Not Available,1.2,51.00728,0.65577,,,,,,,,,,,,
Missing Gate Vineyard (Food Physics),Essex,CM3 4HG,England,www.food-physics.com,24,51.67544,0.58338,,,,,,,,,,,,
MN Vineyard,Dorset,SP7 9NX,England,Not Available,0.1,51.02457,-2.21071,,,,,,,,,,,,
Momentum Vineyard,Fife,KY8 6EA,Scotland,www.christophertrotter.co.uk,0.3658,56.21892,-2.92147,,,,,,,,,,,,
Money's Farm Vineyard,Hampshire,RG27 8LJ,England,Not Available,0.27,51.31735,-0.96418,,,,,,,,,,,,
Monkey Puzzle Vineyard,East Sussex,TN31 6RS,England,Not Available,1.21,50.98336,0.62746,,,,,,,,,,,,
Monnow Valley Vineyard,Monmouthshire,NP25 5DL,Wales,Not Available,1.61,51.82331,-2.72535,,,,,,,,,,,,
Montgomery Vineyard,Powys,SY15 6LR,Wales,www.montgomeryvineyard.co.uk,1.214,52.52782,-3.19317,,,,,,,,,,,,
Moor Hill Vineyard,Wiltshire,SP3 5LB,England,Not Available,0.21,51.06226,-2.00848,,,,,,,,,,,,
Moorbridge Estate,Berkshire,RG20 8DA,England,Not Available,19,51.43812,-1.39001,,,,,,,,,,,,
Moralee Farm Vineyard,West Sussex,RH20 2QS,England,Not Available,1.39,50.94565,-0.45097,,,,,,,,,,,,
Mount Farm Vineyards,Suffolk,CO10 9BY,England,Not Available,4.41,52.11097,0.69355,,,,,,,,,,,,
Mount Harry Vines,East Sussex,BN7 3QW,England,Not Available,2.112,50.89816,-0.02528,,,,,,,,,,,,
"Mount Vineyard, The",Kent,TN14 7SD,England,www.themountvineyard.co.uk,3.68,51.33337,0.18199,,,,,,,,,,,,
Mountfield Vineyard,East Sussex,TN32 5JP,England,www.mountfieldwinery.com,3.3,50.96096,0.47042,,,,,,,,,,,,
Mousehall Estate Vineyard,East Sussex,TN5 6PG,England,Not Available,0.5,51.04359,0.29335,,,,,,,,,,,,
Mowbarton Estate (Mudgley Farm),Somerset,BS28 4TX,England,www.mowbartonbarn.co.uk,0.4,51.20913,-2.79498,,,,,,,,,,,,
Mumfords Vineyard,BANES,BA1 7LQ,England,www.mumfordsvineyard.co.uk,1.6194,51.40821,-2.30169,,,,,,,,,,,,
Muston Vineyard,Dorset,DT2 7SY,England,Not Available,11.5,50.76234,-2.39345,,,,,,,,,,,,
Mystole Vineyard,Kent,CT4 7DB,England,Not Available,2.05,51.24396,0.99937,,,,,,,,,,,,
Nania's Vineyard,BANES,BS6 5EG,England,naniasvineyard.co.uk,0.01,51.46797,-2.58727,,,,,,,,,,,,
"Nash Vineyard, The",Worcestershire,WR5 3PB,England,Not Available,1,52.12492,-2.208,,,,,,,,,,,,
National Fruit Collection - Brogdale,Kent,ME13 8XZ,England,www.brogdalecollections.co.uk,0.24,51.30014,0.87723,,,,,,,,,,,,
New Hall Vineyards,Essex,CM3 6PN,England,www.newhallwines.co.uk,44.61,51.69159,0.65556,,,,,,,,,,,,
New House Farm Vineyard,East Sussex,TN32 5UP,England,Not Available,10.32,51.00124,0.5247,,,,,,,,,,,,
New Lodge Vineyard,Northamptonshire,NN6 0HF,England,www.newlodgevineyard.co.uk,0.4049,52.27198,-0.75999,,,,,,,,,,,,
Newnham Park Estate Vineyard,East Sussex,TN6 3TB,England,Not Available,2,51.03501,0.13439,,,,,,,,,,,,
Nightingales Vineyard,West Sussex,RH20 3DF,England,Not Available,1,50.93123,-0.37258,,,,,,,,,,,,
Nine Oaks Vineyard,Kent,TN26 1EP,England,Not Available,0.81,51.16769,0.81261,,,,,,,,,,,,
"Norfolk Vineyard Ltd., The",Norfolk,NR18 9JP,England,Not Available,1.28,52.53652,1.08586,,,,,,,,,,,,
North Court Farm Vineyard,Berkshire,RG40 3SN,England,Not Available,0.0719,51.36719,-0.84996,,,,,,,,,,,,
North Court Vineyard,Hampshire,SO24 0AU,England,www.northcourtvineyard.co.uk,0.44,51.08707,-1.1309,,,,,,,,,,,,
North End Vineyard,North Somerset,BS49 4AS,England,Not Available,0.05,51.39846,-2.83545,,,,,,,,,,,,
Northbrook Springs Vineyard,Hampshire,SO32 1FB,England,Not Available,8.5,50.96066,-1.21219,,,,,,,,,,,,
Nutbourne Vineyards,West Sussex,RH20 2HH,England,www.nutbournevineyards.com,9.51,50.96043,-0.46046,,,,,,,,,,,,
Nyetimber - Chalk Vale Vineyard,Hampshire,SO20 6RE,England,www.nyetimber.com,25.5,51.08429,-1.44794,,,,,,,,,,,,
Nyetimber - Chartham Downs,Kent,CT4 5QW,England,www.nyetimber.com,19,51.23566,1.04998,,,,,,,,,,,,
Nyetimber - Downs Farm,West Sussex,BN18 9LZ,England,www.nyetimber.com,21,50.90354,-0.53068,,,,,,,,,,,,
Nyetimber - Hazeldown Vineyard,Hampshire,SO20 6EG,England,www.nyetimber.com,32.81,51.14276,-1.48261,,,,,,,,,,,,
Nyetimber - Knowe Top Vineyard,West Sussex,RH20 2JZ,England,www.nyetimber.com,47.2,50.9648,-0.458229,,,,,,,,,,,,
Nyetimber - Lacton Manor Vineyard,Kent,TN25 4NG,England,www.nyetimber.com,28,51.1983,0.81741,,,,,,,,,,,,
Nyetimber - Manor Vineyard,West Sussex,RH20 2HH,England,www.nyetimber.com,42,50.96043,-0.46046,,,,,,,,,,,,
Nyetimber - Netherland Vineyard,West Sussex,GU28 0PQ,England,www.nyetimber.com,37.39,50.98945,-0.66965,,,,,,,,,,,,
Nyetimber - Nutbourne Lane Vineyard,West Sussex,RH20 2HS,England,www.nyetimber.com,6.35,50.96925,-0.47239,,,,,,,,,,,,
Nyetimber - River Vineyard,West Sussex,GU28 0PQ,England,www.nyetimber.com,11.79,50.98945,-0.66965,,,,,,,,,,,,
Nyetimber - Thurnham Court,Kent,ME14 3LG,England,www.nyetimber.com,43,51.28849,0.58638,,,,,,,,,,,,
Nyetimber - Upperton Vineyard,West Sussex,GU28 9BG,England,www.nyetimber.com,8.07,50.99571,-0.63748,,,,,,,,,,,,
Oak Hill Vineyard,Suffolk,IP21 5PE,England,www.oak-hill.co.uk,0.4,52.34979,1.31861,,,,,,,,,,,,
Oaken Grove Vineyard,Oxfordshire,RG9 6JG,England,facebook.com/OakenGroveVineyard,1.5,51.57145,-0.90527,,,,,,,,,,,,
Oastbrook Estates,East Sussex,TN32 5XA,England,www.oastbrook.com,4.5,50.99849,0.5222,,,,,,,,,,,,
Oatley Vineyard,Somerset,TA5 2NL,England,www.oatleyvineyard.co.uk,1,51.1456,-3.09421,,,,,,,,,,,,
Off The Line Vineyard,East Sussex,BN27 4EA,England,www.offthelinevineyard.com,2.8,50.9025,0.25063,,,,,,,,,,,,
Old Hall Farm Vineyard,Norfolk,NR35 2LP,England,www.oldhallfarm.co.uk,1.65,52.50457,1.37871,,,,,,,,,,,,
"Old Lime Kiln Vineyard, The",Devon,EX6 8QY,England,Not Available,0.0625,50.61838,-3.44956,,,,,,,,,,,,
Old Rectory Vineyard (Manor Farm),Suffolk,IP13 6AX,England,Not Available,1.62,52.12906,1.31396,,,,,,,,,,,,
Old Walls Vineyard,Devon,TQ14 9PQ,England,www.oldwallsvineyard.co.uk,3,50.55606,-3.53533,,,,,,,,,,,,
Old Woodhouse Vineyard,Dorset,DT7 3SQ,England,Not Available,0.1755,50.73504,-2.96447,,,,,,,,,,,,
Olding Manor Vineyard,London,SE12 0RE,England,www.oldingmanor.co.uk,0.01,51.44585,0.00723,,,,,,,,,,,,
Ollivers Farm Vineyard,Essex,CO9 4LS,England,www.essex-bed-breakfast.co.uk,0.017,52.00496,0.54193,,,,,,,,,,,,
Orpwoods Farm Vineyard,Oxfordshire,OX44 7JD,England,Not Available,0.3,51.72532,-1.06505,,,,,,,,,,,,
Ovens Farm Vineyard,Lincolnshire,LN11 8RD,England,www.ovensfarmvineyard.com,1.98,53.23228,0.05641,,,,,,,,,,,,
Over the Road Vineyard,Dorset,DT9 5PN,England,Not Available,0.1,50.90757,-2.47171,,,,,,,,,,,,
Oxney Organic Estate,East Sussex,TN31 6TU,England,www.oxneyestate.com,13.928,51.00038,0.66184,,,,,,,,,,,,
Painshill Park Vineyard,Surrey,KT11 1JE,England,www.painshill.co.uk,0.73,51.3296,-0.42158,,,,,,,,,,,,
Painters Vineyard (Stoneyfield Wine),Northamptonshire,NN7 3BZ,England,www.stonyfieldwine.co.uk,0.4,52.17298,-0.93795,,,,,,,,,,,,
Pale Park Vineyard,Cornwall,EX23 0HH,England,www.paleparkvineyard.co.uk,1.3,50.7861,-4.47744,,,,,,,,,,,,
Pant Du Vineyard,Gwynedd,LL54 6HE,Wales,www.pantdu.co.uk,2.834,53.05299,-4.27526,,,,,,,,,,,,
Parc Julian Vineyard,Cornwall,PL30 4HE,England,Not Available,Not known,50.50355,-4.5946,,,,,,,,,,,,
Parhams Vineyard,Dorset,SP7 0DE,England,Not Available,0.4,50.98223,-2.16931,,,,,,,,,,,,
Parsonage Farm (Essex),Kent,DA12 3DG,England,Not Available,2,51.770324,0.75357,,,,,,,,,,,,
Parsonage Farm (Hertfordshire),Hertfordshire,CM22 6AN,England,Not Available,2,51.93407,0.24548,,,,,,,,,,,,
Parva Farm Vineyard,Monmouthshire,NP16 6SQ,Wales,www.parvafarm.com,0.994,51.70393,-2.6801,,,,,,,,,,,,
Parvills Vineyard,Essex,CM16 6PL,England,www.parvillsfarm.com,0.4,51.71669,0.07037,,,,,,,,,,,,
Pattingham Vineyard,Staffordshire,WV6 7AU,England,www.pattinghamvineyard.co.uk,5.31,52.58826,-2.23731,,,,,,,,,,,,
"Pear Tree at Purton Vineyard, The",Wiltshire,SN5 4ED,England,www.peartreepurton.co.uk,0.7,51.58161,-1.86383,,,,,,,,,,,,
Pearta Vineyard,East Sussex,TN35 4ST,England,Not Available,1.2141,50.91661,0.59565,,,,,,,,,,,,
Pebblebed - Clyst St. George Vineyard,Devon,EX3 0NZ,England,www.pebblebed.co.uk,1.1336,50.69029,-3.43575,,,,,,,,,,,,
Pebblebed - Dragons Den Vineyard,Devon,EX3 0NZ,England,www.pebblebed.co.uk,2.1,50.69029,-3.43575,,,,,,,,,,,,
Pebblebed - Ebford Eden Community Vineyard,Devon,EX3 0QT,England,www.pebblebed.co.uk,0.2,50.68148,-3.43902,,,,,,,,,,,,
Pebblebed - Ebford Vineyard,Devon,EX3 0QT,England,www.pebblebed.co.uk,3.2375,50.68148,-3.43902,,,,,,,,,,,,
Penarth Vineyard,Powys,SY16 3AN,Wales,Not Available,4,52.52309,-3.27003,,,,,,,,,,,,
Pengethley Manor Hotel Vineyard,Herefordshire,HR9 6LL,England,Not Available,0.2,51.92684,-2.66401,,,,,,,,,,,,
Penn Croft Vineyard (Itasca Wines),Hampshire,GU10 5PX,England,itascawines.com,4.8563,51.23315,-0.87804,,,,,,,,,,,,
Penstock Hall Vineyard,Kent,TN25 5LL,England,Not Available,13.4,51.13768,0.99852,,,,,,,,,,,,
Pen-y-Clawdd Vineyard,Monmouthshire,NP25 4BW,Wales,Not Available,0.5,51.76338,-2.78847,,,,,,,,,,,,
Perch Hill Vineyard,Somerset,BA5 1JD,England,www.perchhillvineyard.com,1.2,51.23551,-2.71505,,,,,,,,,,,,
Pewley Down Vineyard,Surrey,GU1 2HF,England,www.pewleydownvineyard.co.uk,0.5,51.23548,-0.54856,,,,,,,,,,,,
Phipps Vineyard,Herefordshire,WR13 6EP,England,Not Available,1.08,52.09159,-2.36355,,,,,,,,,,,,
Pilgrims Vineyard,Kent,TN27 0DR,England,Not Available,0.2,51.2065,0.81624,,,,,,,,,,,,
Pimlico Way Vineyard,Kent,CT15 7EN,England,facebook.com/Pimlico-Way-Vineyard-Nursery,1,51.13021,1.21378,,,,,,,,,,,,
Pinglestone Estate Vineyard,Hampshire,SO24 9TB,England,Not Available,33,51.09563,-1.1705,,,,,,,,,,,,
Pinkmead Estate Vineyard,Isle of Wight,PO30 5TU,England,Not Available,1.47,50.73305,-1.28679,,,,,,,,,,,,
Plantation House Vineyards,Worcestershire,DY10 4EP,England,Not Available,0.25,52.35064,-2.2125,,,,,,,,,,,,
Plumford Farms Vineyard,Kent,ME13 0DS,England,Not Available,2.7,51.2919,0.8699,,,,,,,,,,,,
Plumpton College - Ditchling Vineyard,East Sussex,BN6 8XB,England,www.plumpton.ac.uk,1.8,50.9111,-0.11481,,,,,,,,,,,,
Plumpton College - Rock Lodge Vineyard,West Sussex,RH17 7NG,England,www.plumpton.ac.uk,7.059,50.98213,-0.04609,,,,,,,,,,,,
Poets' Way Vineyard,Gloucestershire,GL18 2BL,England,Not Available,1,51.97425,-2.39534,,,,,,,,,,,,
Polgoon Vineyard,Cornwall,TR20 8TE,England,www.polgoon.com,4.2,50.12041,-5.55808,,,,,,,,,,,,
Polmassick Vineyard,Cornwall,PL26 6HA,England,www.polmassickvineyard.co.uk,1,50.27488,-4.84755,,,,,,,,,,,,
Pontilen Vineyard,Denbighshire,LL15 1UL,Wales,Not Available,0.005,53.13708,-3.33728,,,,,,,,,,,,
Poppydown Vineyard & Winery,Hampshire,SO32 3AH,England,www.poppydownvineyard.co.uk,0.2688,50.95552,-1.14998,,,,,,,,,,,,
Port Lympne Vineyard,Kent,CT21 4PD,England,www.aspinallfoundation.org,0.025,51.07758,1.00134,,,,,,,,,,,,
Potash Vineyard,Essex,CO2 0JX,England,Not Available,0.1,51.84505,0.87062,,,,,,,,,,,,
Poulton Hill Vineyard,Gloucestershire,GL7 5JA,England,www.poultonhillestate.co.uk,3,51.6871,-1.85766,,,,,,,,,,,,
Poynings Grange Vineyard,West Sussex,BN45 7AW,England,Not Available,2,50.90466,-0.22037,,,,,,,,,,,,
Prettyfields Vineyard,Essex,CO7 7PF,England,www.prettyfields.com,7.4,51.92345,0.97289,,,,,,,,,,,,
Priors Dean Vineyard,Hampshire,GU34 3SD,England,www.priorsdeanvineyard.co.uk,0.8,51.06969,-0.95601,,,,,,,,,,,,
Punchbowl Valley Vineyard,Surrey,GU8 6NN,England,www.vineyarddynamics.com,0.225,51.13838,-0.70328,,,,,,,,,,,,
Quance Wines,Devon,EX32 0QH,England,Not Available,1.5,51.0449,-3.99415,,,,,,,,,,,,
Quantock Hills Vineyard,Somerset,TA5 2AD,England,Not Available,0.04,51.10599,-3.03518,,,,,,,,,,,,
Quintain Vineyard,Gloucestershire,GL18 2DE,England,Not Available,3,51.99013,-2.42411,,,,,,,,,,,,
Quob Park Estate (Wickham Vyd),Hampshire,PO17 5PG,England,www.quobpark-vineyard.com,6.2,50.89593,-1.21278,,,,,,,,,,,,
Quoins Organic Vineyard,Wiltshire,BA15 2PW,England,www.quoinsvineyard.co.uk,1,51.36059,-2.26963,,,,,,,,,,,,
Raimes Family Vineyard,Hampshire,SO24 0NE,England,www.raimes.co.uk,3.44,51.06834,-1.18681,,,,,,,,,,,,
Rathfinny Estate,East Sussex,BN26 5TU,England,www.rathfinnyestate.com,93.5,50.79708,0.13847,,,,,,,,,,,,
Ravensthorpe Vineyard,Northamptonshire,NN6 8EN,England,Not Available,0.031,52.328,-1.01678,,,,,,,,,,,,
Rectory Farm Vineyard,Buckinghamshire,MK46 5DN,England,Not Available,0.54,52.137,-0.69392,,,,,,,,,,,,
Red Admiral Vineyards,Hampshire,SO32 3PT,England,www.redadmiralvineyard.co.uk,2.34,50.95566,-1.14235,,,,,,,,,,,,
Red Wharf Bay Vineyard,Isle of Anglesey,LL75 8YG,Wales,redwharfbayvineyard.co.uk,0.2,53.29015,-4.20172,,,,,,,,,,,,
Redbank Vineyard,Herefordshire,HR8 2JL,England,Not Available,5.739,52.03408,-2.44361,,,,,,,,,,,,
Redfold Vineyards - Ambriel Sparkling Wine,West Sussex,RH20 2HS,England,www.ambrielsparkling.com,9.5,50.96925,-0.47239,,,,,,,,,,,,
Redhill Estate Vineyard,Kent,ME18 5LB,England,www.redhillestate.com,6,51.2637,0.42617,,,,,,,,,,,,
Redyeates Wedge Vineyard,Devon,EX17 4HG,England,Not Available,2.4,50.854,-3.59466,,,,,,,,,,,,
Renishaw Hall Vineyard,Derbyshire,S21 3WB,England,www.renishaw-hall.co.uk,0.2024,53.30274,-1.34687,,,,,,,,,,,,
RHS Wisley Vineyard,Surrey,GU23 6QB,England,www.rhs.org.uk,0.24,51.31399,-0.47289,,,,,,,,,,,,
Ridgeview Wine Estate,East Sussex,BN6 8TP,England,www.ridgeview.co.uk,6.48,50.94343,-0.10752,,,,,,,,,,,,
River Valley Vineyard,Essex,CM3 6EW,England,Not Available,2.0357,51.65723,0.79575,,,,,,,,,,,,
Road Green Vineyard,Gloucestershire,GL11 6BA,England,roadgreenvineyard.co.uk,0.6435,51.67247,-2.3977,,,,,,,,,,,,
Rodington Vineyard,Shropshire,TF6 6ND,England,rodingtonvineyard.co.uk,1.614,52.72833,-2.59509,,,,,,,,,,,,
Roebuck Estates - Hazlehurst Vineyard,East Sussex,TN5 7LF,England,www.roebuckestates.co.uk,17.556,51.06283,0.40353,,,,,,,,,,,,
Roebuck Estates - Little Brockhurst Vineyard,West Sussex,GU28 9HA,England,www.roebuckestates.co.uk,6.475,51.03769,-0.67809,,,,,,,,,,,,
Roebuck Estates - Roman Villa Vineyard,West Sussex,RH20 1PH,England,www.roebuckestates.co.uk,5.24,50.9205,-0.59698,,,,,,,,,,,,
Roebuck Estates - Upperton Vineyard,West Sussex,GU28 0RD,England,www.roebuckestates.co.uk,9.08,50.98788,-0.63672,,,,,,,,,,,,
Roebuck Estates - Waterlands Vineyard,West Sussex,RH13 0QZ,England,www.roebuckestates.co.uk,8.093,51.09081,-0.40822,,,,,,,,,,,,
Rosemary Farm Vineyard,East Sussex,TN5 7PT,England,www.arenapursuits.com,10.8513,51.0609,0.42491,,,,,,,,,,,,
Rosemary Vineyard,Isle of Wight,PO33 4BE,England,www.rosemaryvineyard.co.uk,5.24,50.71364,-1.15849,,,,,,,,,,,,
Ruses Mill Vineyard,Cornwall,PL15 9QH,England,Not Available,0.25,50.58098,-4.39074,,,,,,,,,,,,
Russetts Vineyard,Essex,CB10 2PW,England,Not Available,0.1485,52.02542,0.39335,,,,,,,,,,,,
Ryedale Vineyards - Farfield Farm Vineyard,North Yorkshire,YO60 7LS,England,www.ryedalevineyards.co.uk,1.65,54.06091,-0.82093,,,,,,,,,,,,
Ryedale Vineyards - Paradise Farm Vineyard,North Yorkshire,YO60 7PW,England,www.ryedalevineyards.co.uk,1.65,54.04791,-0.88548,,,,,,,,,,,,
Saffron Grange Vineyard,Essex,CB10 1UZ,England,www.saffrongrange.com,6.8,52.04475,0.24932,,,,,,,,,,,,
Sanctus Ltd - Briery Hall Vineyard,Gloucestershire,GL2 3SW,England,Not Available,2.28,51.82258,-2.34947,,,,,,,,,,,,
Sanctus Ltd - Finn Vineyard,Herefordshire,HR9 7UP,England,Not Available,2.2,51.94134,-2.4984,,,,,,,,,,,,
Sanctus Ltd - Vale of Castiard Vineyard,Gloucestershire,GL14 1JR,England,Not Available,8.3592,51.83394,-2.44962,,,,,,,,,,,,
Sanden Vineyard,Kent,TN3 9PJ,England,Not Available,1.47,51.09786,0.18124,,,,,,,,,,,,
Sandhurst Vineyards - Bourne Farm,Kent,TN18 5NT,England,Not Available,7.756,51.02154,0.5431,,,,,,,,,,,,
Sandhurst Vineyards - Hoads Farm,Kent,TN18 5PA,England,Not Available,22.194,51.02671,0.57763,,,,,,,,,,,,
Sandridge Barton Vineyard,Devon,TQ9 6RL,England,www.sandridgebarton.com,8.93,50.40188,-3.60857,,,,,,,,,,,,
Sandyford Vineyard,Essex,CB10 2QE,England,www.salixfarmturkeys.co.uk,0.8097,51.98826,0.38917,,,,,,,,,,,,
Sarson Wines,Kent,Not known,England,Not Available,Not known,51.206658,1.096552,,,,,,,,,,,,
Savage Vineyard,Kent,ME15 0QY,England,Not Available,8.95,51.22551,0.47979,,,,,,,,,,,,
Scaddows Vineyard,Derbyshire,DE73 7JP,England,www.scaddowsfarm.co.uk,0.39,52.80147,-1.49784,,,,,,,,,,,,
Sculdown Vineyard,East Sussex,TN31 6EX,England,facebook.com/Sussex-Tipi-Holidays,0.49,50.95406,0.57878,,,,,,,,,,,,
Sealwood Cottage Vineyard,Derbyshire,DE12 6PA,England,www.sealwoodcottage.co.uk,1.2,52.73862,-1.5864,,,,,,,,,,,,
Secret Valley Vineyard,Somerset,TA5 2DN,England,www.secret-valley.co.uk,2,51.1055,-3.07542,,,,,,,,,,,,
Seer Green Vineyard,Buckinghamshire,HP9 2QF,England,www.seergreenvineyard.co.uk,0.2,51.61976,-0.60333,,,,,,,,,,,,
Setley Ridge Vineyard,Hampshire,SO42 7UF,England,www.setleyridge.co.uk,2.48,50.80174,-1.57184,,,,,,,,,,,,
Seven Acres Vineyard,Cambridgeshire,PE13 4BJ,England,Not Available,0.2,52.61598,0.04586,,,,,,,,,,,,
Shalford Winery,Suffolk,Not known,England,Not Available,1.43,51.212862,-0.563427,,,,,,,,,,,,
Sharpham Vineyard,Devon,TQ9 7UT,England,www.sharpham.com,3.4,50.40889,-3.65327,,,,,,,,,,,,
Shawsgate Vineyard,Suffolk,IP13 9HZ,England,www.shawsgate.co.uk,5.5,52.23361,1.36225,,,,,,,,,,,,
Sheerland Farm Vineyard,Kent,TN27 0PN,England,Not Available,3.969,51.17487,0.76504,,,,,,,,,,,,
Sheffield Park Vineyard,East Sussex,TN22 3QX,England,www.sheffieldparkvineyard.co.uk,1.2145,50.99897,0.01062,,,,,,,,,,,,
Sheveling Wine Estates - Robins Hood Bay,North Yorkshire,YO22 4PJ,England,www.holmfirthvineyard.com,7.28,54.44069,-0.53346,,,,,,,,,,,,
Shifnal Manor Vineyard,Shropshire,TF11 9PB,England,Not Available,0.3,52.65667,-2.38592,,,,,,,,,,,,
Shillinglee Vineyard (Martin Wakefield),West Sussex,GU8 4SZ,England,Not Available,0.03,51.07688,-0.60975,,,,,,,,,,,,
Shillinglee Vineyard (Nick Whitehouse),West Sussex,GU8 4SZ,England,Not Available,1.0185,51.07688,-0.60975,,,,,,,,,,,,
Shire Farm Vineyard,Lincolnshire,PE23 4LY,England,www.shirefarm.co.uk,2.67,53.20788,-0.01743,,,,,,,,,,,,
Shires Vineyard,Derbyshire,DE24 0GW,England,www.shiresvineyard.co.uk,0.05,52.88486,-1.42693,,,,,,,,,,,,
Shotley Vineyard,Suffolk,IP9 1EP,England,www.shotleyvineyard.co.uk,5.366,51.9793,1.25848,,,,,,,,,,,,
Shoulton House Farm Vineyard,Worcestershire,WR2 6PX,England,Not Available,3.64,52.22692,-2.27717,,,,,,,,,,,,
Sidbury Vineyard,Devon,EX10 0QN,England,www.sidburyvineyard.co.uk,0.6975,50.7358,-3.2008,,,,,,,,,,,,
Simpson's Wine Estate - Dover Road,Kent,CT4 6PE,England,www.simpsonswine.com,9.24,51.21225,1.16384,,,,,,,,,,,,
Simpson's Wine Estate - South Barham Road,Kent,CT4 6LJ,England,www.simpsonswine.com,16.58,51.19565,1.15114,,,,,,,,,,,,
Sixteen Ridges Vineyard,Worcestershire,WR6 6TS,England,www.sixteenridges.com,3.2927,52.27891,-2.29124,,,,,,,,,,,,
Somborne Valley Vineyard,Hampshire,SO20 6QH,England,www.sombornevalley.com.,11,51.0659,-1.4695,,,,,,,,,,,,
Somerby Vineyards,Lincolnshire,DN38 6EX,England,www.somerbyvineyards.com,5.5,53.54424,-0.39718,,,,,,,,,,,,
Somersham Vineyard,Suffolk,IP8 4PN,England,Not Available,0.01,52.09498,1.04967,,,,,,,,,,,,
Sompting Estate Vineyard,West Sussex,BN15 0AZ,England,www.somptingestate.com,3.4,50.83882,-0.35214,,,,,,,,,,,,
Soulton Vineyard,Shropshire,SY4 5HR,England,Not Available,0.0025,52.85772,-2.71303,,,,,,,,,,,,
Sour Grapes Vineyard,Hampshire,SO51 0NQ,England,www.sourgrapesvineyard.co.uk,0.4049,51.03517,-1.51111,,,,,,,,,,,,
South Lodge Vineyard,Lincolnshire,LN11 8QY,England,Not Available,0.4,53.24092,0.05409,,,,,,,,,,,,
South Pickenham Estate Vineyard,Norfolk,PE37 8DZ,England,www.southpickenham.co.uk,2.03,52.60775,0.74001,,,,,,,,,,,,
South Saxon Vineyard,West Sussex,BN15 0AZ,England,Not Available,0.15,50.83882,-0.35214,,,,,,,,,,,,
Southcott Vineyard,Wiltshire,SN9 5JF,England,www.southcottvineyard.co.uk,0.6,51.33353,-1.7581,,,,,,,,,,,,
Southlands Valley Vineyard,West Sussex,RH20 2JU,England,www.southlandsvalleywines.com,0.8,50.94935,-0.44549,,,,,,,,,,,,
Southwood Vineyard,Devon,EX15 2DF,England,Not Available,0.434,50.84186,-3.33434,,,,,,,,,,,,
Spar Hill Farm Vineyard,Essex,CM9 6SJ,England,Not Available,2.8338,51.70984,0.64643,,,,,,,,,,,,
Sparchall Vineyard,Herefordshire,HR1 4EY,England,Not Available,1.0089,52.06875,-2.5632,,,,,,,,,,,,
Sparrow Hill Vineyard,Somerset,BS26 2LN,England,sparrowhillvineyard.co.uk,1,51.26734,-2.83919,,,,,,,,,,,,
Spring Cottage Vineyard,West Midlands,WS4 1RT,England,Not Available,0.06,52.62189,-1.94617,,,,,,,,,,,,
Spring Hollow Vineyard & Winery,Carmarthenshire,SA44 5XS,Wales,www.springhollowvineyard.co.uk,1.4,52.00284,-4.41321,,,,,,,,,,,,
Springfields Vineyard,East Sussex,TN22 3XX,England,www.springfieldsvineyard.co.uk,3.25,51.00332,0.05757,,,,,,,,,,,,
Spuncombe Bottom Vineyard,Gloucestershire,GL11 6EG,England,www.spuncombebottomvineyard.com,0.4,51.65546,-2.3459,,,,,,,,,,,,
Squerryes Estate - Charmans Farm Vineyard,Kent,TN16 1QP,England,www.squerryes.co.uk,1.182,51.27628,0.08679,,,,,,,,,,,,
Squerryes Estate - Gaysham Farm Vineyard,Kent,TN16 2DT,England,www.squerryes.co.uk,19.463,51.28036,0.05068,,,,,,,,,,,,
St. Benets Vineyard,Norfolk,NR12 8NY,England,Not Available,0.012,52.71169,1.41947,,,,,,,,,,,,
St. Martin's Vineyard,Isles of Scilly,TR25 0QL,England,www.stmartinsvineyard.co.uk,0.95,49.961,-6.28333,,,,,,,,,,,,
St. Mary's Vineyard (Holy Vale),Isles of Scilly,TR21 0NT,England,www.star-castle.co.uk,1.82,49.92453,-6.29297,,,,,,,,,,,,
Standen Vineyard,West Sussex,RH19 4NE,England,Not Available,1,51.10328,-0.01631,,,,,,,,,,,,
Stanford Bridge Vineyard,Kent,TN27 0RU,England,Not Available,0.1,51.15179,0.74738,,,,,,,,,,,,
Stanlake Park Wine Estate,Berkshire,RG10 0BN,England,www.stanlakepark.com,4.26,51.46974,-0.84869,,,,,,,,,,,,
Staverton Vineyard,Suffolk,IP12 2RR,England,Not Available,0.53,52.11139,1.40089,,,,,,,,,,,,
Steeple Court Farm Vineyard,Hampshire,SO30 2EQ,England,www.steeplecourtmanor.co.uk,0.48,50.90848,-1.27131,,,,,,,,,,,,
Stone House Cottage Vineyard,Worcestershire,DY10 4BG,England,www.shcn.co.uk,0.09,52.37382,-2.20331,,,,,,,,,,,,
Stopham Vineyard,West Sussex,RH20 1EE,England,www.stophamvineyard.co.uk,5.6,50.96358,-0.54186,,,,,,,,,,,,
Storrington Priory Vineyard,West Sussex,RH20 4LN,England,www.dermotsugrue.com,1.0396,50.9164,-0.45934,,,,,,,,,,,,
Strawberry Hill Vineyard,Gloucestershire,GL18 1DQ,England,Not Available,1.8,51.95104,-2.40582,,,,,,,,,,,,
Sugarloaf Vineyard,Monmouthshire,NP7 7LA,Wales,www.sugarloafvineyard.co.uk,2,51.83915,-3.05739,,,,,,,,,,,,
Summerhouse Vineyard,South Yorkshire,DN6 8NB,England,Leased by Henry Wilson,0.572,53.61192,-1.21904,,,,,,,,,,,,
Sunnybank Vineyard and Vine Nursery,Herefordshire,HR2 0EE,England,www.sunnybankvines.co.uk,0.34,51.95449,-2.9212,,,,,,,,,,,,
Sunnyhill Vineyard,Oxfordshire,OX33 1JD,England,www.sunnyhillvineyard.co.uk,0.7069,51.73746,-1.16887,,,,,,,,,,,,
Surrenden Vineyard,Kent,TN27 0PS,England,Not Available,0.4,51.17657,0.76975,,,,,,,,,,,,
Sutton Grange Vineyard,North Yorkshire,HG4 3JZ,England,www.sutton-grange-wines.uk,0.06,54.16137,-1.56695,,,,,,,,,,,,
Sutton Ridge Vineyard,North Somerset,BS40 7UR,England,www.suttonridgevineyard.co.uk,0.8,51.34958,-2.70067,,,,,,,,,,,,
Swafield House Vineyard,Norfolk,NR28 0QT,England,Not Available,0.45,52.84462,1.38746,,,,,,,,,,,,
Swanaford Vineyard,Devon,EX6 7HG,England,www.swanaford.com,3.2,50.6838,-3.67064,,,,,,,,,,,,
Swanbrook Vineyard,Worcestershire,WR8 9EL,England,Not Available,0.114,52.12828,-2.16983,,,,,,,,,,,,
Syndale Farm Vineyard,Kent,ME13 0RJ,England,Not Available,6.326,51.31146,0.85149,,,,,,,,,,,,
Syntley Vineyard,Worcestershire,DY13 0RH,England,Not Available,0.1,52.31192,-2.30147,,,,,,,,,,,,
Tadpole Vineyard,Kent,CT4 5HR,England,Not Available,1.57,51.2325,1.13496,,,,,,,,,,,,
Tamar Valley Vines,Devon,PL17 8PB,England,facebook.com/pg/TamarValleyVines,0.192,50.54619,-4.3218,,,,,,,,,,,,
Tamar Valley Vineyard,Devon,PL20 7BW,England,www.tamarvalleyvineyard.co.uk,0.4641,50.46956,-4.21275,,,,,,,,,,,,
Tanhurst Estate Vineyard,Surrey,RH5 6LU,England,Not Available,1.8,51.17434,-0.38738,,,,,,,,,,,,
Teasles View Vineyard,West Sussex,RH14 9DN,England,Not Available,0.37,51.01297,-0.42094,,,,,,,,,,,,
Teffont Wines - Awbridge Vineyard,Hampshire,SO51 0HH,England,www.teffontwines.co.uk,1.45,51.0161,-1.54722,,,,,,,,,,,,
Teffont Wines - Dinton Vineyard,Wiltshire,SP3 5HN,England,www.teffontwines.co.uk,0.4,51.08374,-1.98397,,,,,,,,,,,,
Teffont Wines - Fonthill Vineyard,Wiltshire,SP3 6PX,England,www.teffontwines.co.uk,0.4,51.08037,-2.10079,,,,,,,,,,,,
Templars Oak Vineyard,Scottish Borders,TD6 0HH,Scotland,facebook.com/TemplarsOakVineyard,1,55.55783,-2.65913,,,,,,,,,,,,
Temple Ewell Vineyard,Kent,CT16 3DR,England,Not Available,0.4,51.15186,1.26678,,,,,,,,,,,,
Ten Acres Vineyard,Devon,EX19 8EY,England,www.tenacresvineyardcamping.co.uk,0.9,50.86246,-3.95453,,,,,,,,,,,,
Terlingham Vineyard,Kent,CT18 7AE,England,www.terlinghamvineyard.co.uk,1.34,51.10672,1.15767,,,,,,,,,,,,
Thelnetham Vineyard (Suffolk Wine Co),Norfolk,IP22 1JL,England,www.thelnethamvineyard.com,0.8,52.35847,0.95361,,,,,,,,,,,,
Thornbury Castle Vineyard,South Gloucestershire,BS35 1HH,England,www.thornburycastle.co.uk,0.2,51.61412,-2.5302,,,,,,,,,,,,
Thorncroft Vineyard,Surrey,KT22 8JD,England,www.yumchadrinks.com,0.4,51.28859,-0.33276,,,,,,,,,,,,
Thorrington Mill Vineyard,Essex,CO7 8JJ,England,www.thorringtonmillvineyard.co.uk ,4.8563,51.83562,1.02544,,,,,,,,,,,,
Three Choirs Vineyard,Gloucestershire,GL18 1LS,England,www.three-choirs-vineyards.co.uk,28.7,51.9591,-2.41723,,,,,,,,,,,,
Throwley Vineyard,Kent,ME13 0PF,England,Not Available,1.38,51.2654,0.85397,,,,,,,,,,,,
Thursford Old Hall,Norfolk,NR21 0BW,England,Not Available,0.11,52.86496,0.9481,,,,,,,,,,,,
Thurston Place Vineyard,Suffolk,IP31 3QZ,England,Not Available,0.63,52.24693,0.81621,,,,,,,,,,,,
Tillingham Vineyard,East Sussex,TN31 6XD,England,www.tillingham.com,10.2,50.95879,0.67725,,,,,,,,,,,,
Tilsmore Wines (Quarry Wood Vineyard),East Sussex,TN20 6RQ,England,Not Available,1.8,50.99771,0.25597,,,,,,,,,,,,
Tinwood Estate,West Sussex,PO18 0NE,England,www.tinwoodestate.com,44.624,50.86511,-0.70392,,,,,,,,,,,,
Tiny Welly Boot Vineyard,Somerset,BA2 0HJ,England,www.willowfarmgourmet.co.uk,0.6,51.33457,-2.50984,,,,,,,,,,,,
Tiptree Vineyard,Essex,CO5 0SD,England,Not Available,1,51.79548,0.75542,,,,,,,,,,,,
Titchen Farm Vineyard,Cornwall,EX23 0BN,England,Not Available,1.72,50.72922,-4.56338,,,,,,,,,,,,
Titchfield Vineyard,Hampshire,PO14 4NZ,England,www.titchfieldvineyard.co.uk,1.1,50.84644,-1.25097,,,,,,,,,,,,
Tonford Manor Vineyard,Kent,CT2 9BH,England,Not Available,0.26,51.27338,1.04059,,,,,,,,,,,,
Toppesfield Vineyard,Essex,CO9 4LX,England,www.toppesfieldvineyard.co.uk,1.1,52.00049,0.50945,,,,,,,,,,,,
Torview Wines,Devon,EX21 5PB,England,www.torview.co.uk,2.13,50.85083,-4.15198,,,,,,,,,,,,
Trapping Hill Vineyard,North Yorkshire,HG3 5RZ,England,www.thesummerhouseyears.com,0.25,54.157,-1.84643,,,,,,,,,,,,
Tregoninny Vineyard,Cornwall,TR2 4AR,England,www.healeyscyder.co.uk,3.456,50.27886,-5.01329,,,,,,,,,,,,
Trendle Farm Vineyard,Somerset,BA10 0BA,England,Not Available,0.11,51.10986,-2.4597,,,,,,,,,,,,
Trentham River Winery,Staffordshire,ST4 8AX,England,www.trentham.co.uk,1.4,52.96242,-2.19774,,,,,,,,,,,,
Trevibban Mill Vineyard,Cornwall,PL27 7SE,England,www.trevibbanmill.com,3,50.49273,-4.93937,,,,,,,,,,,,
Trewince Estates Vineyard,Essex,CM3 6HF,England,Not Available,4,51.65597,0.74394,,,,,,,,,,,,
Trotton Estate Vineyards,West Sussex,GU31 5DB,England,www.trottonestatevineyards.com,2,51.00807,-0.81563,,,,,,,,,,,,
Tuffon Hall Vineyard,Essex,CO9 3LL,England,www.tuffonhall.co.uk,3,51.98667,0.56776,,,,,,,,,,,,
Tullens Vineyard,West Sussex,RH20 1DA,England,www.tullens.co.uk,7.5,50.97801,-0.50426,,,,,,,,,,,,
Twelve Vines Vineyard,Norfolk,NR12 9JT,England,Not Available,0.5,52.78933,1.48617,,,,,,,,,,,,
Ty Croes Vineyard,Isle of Anglesey,LL61 6RP,Wales,www.tycroesvineyard.co.uk,1.6194,53.16653,-4.3347,,,,,,,,,,,,
Tyringham Hall Vineyard,Buckinghamshire,MK16 9ES,England,Not Available,0.651,52.11851,-0.75101,,,,,,,,,,,,
Tytherley Vineyard,Wiltshire,SP5 1NL,England,Not Available,0.66,51.07796,-1.61706,,,,,,,,,,,,
Ulley Farm Vineyard,Kent,TN25 4EJ,England,facebook.com/ulleyvineyard,0.8,51.17451,0.89297,,,,,,,,,,,,
Underscar Manor Vineyard,Cumbria,CA12 4PH,England,www.underscarmanor.com,0.72,54.62088,-3.13164,,,,,,,,,,,,
Upper Bigsweir Vineyard,Herefordshire,NP25 4LX,England,facebook.com/Upper-Bigsweir-Vineyard,0.5,51.78012,-2.66912,,,,,,,,,,,,
"Vale Vineyard, The (Dyffryn Vineyard)",Denbighshire,LL16 4HY,Wales,facebook.com/valevineyard,2,53.20356,-3.35224,,,,,,,,,,,,
Valley Farm Vineyards,Suffolk,IP19 0JJ,England,www.valleyfarmvineyards.co.uk,3.2,52.36509,1.45604,,,,,,,,,,,,
Vamilton Valley Vineyard,Dorset,DT2 9JP,England,www.vamiltonvalley.co.uk,0.26,50.69891,-2.50131,,,,,,,,,,,,
Velfrey Vineyard,Pembrokeshire,SA34 0RA,Wales,www.velfrey.com,0.96,51.80752,-4.64492,,,,,,,,,,,,
Venn Valley Vineyard,Devon,EX32 0NN,England,Not Available,2.6305,51.05438,-3.98229,,,,,,,,,,,,
Vernon Lodge Vineyard,Northamptonshire,NN12 8AB,England,Not Available,0.09,52.15745,-0.97959,,,,,,,,,,,,
Vigornia Wine - Walcot Vineyard,Worcestershire,WR10 2AL,England,www.vigornia.co.uk,0.7,52.13237,-2.08808,,,,,,,,,,,,
Viking Irish Drinks (Dennison's Vyd),County Waterford,Ireland,Ireland,facebook.com/viking.irish.drinks,1,54.756318,-6.223063,,,,,,,,,,,,
Villa Elena Vineyard,West Sussex,RH13 6QW,England,Not Available,0.88,51.0221,-0.32369,,,,,,,,,,,,
Vitters Oak,Kent,TN26 3DW,England,Not Available,0.4,51.13208,0.78557,,,,,,,,,,,,
Vyrnwy Vineyard,Powys,SY10 0HX,Wales,Not Available,1.2,52.79365,-3.38396,,,,,,,,,,,,
Wain House Vineyard,Gloucestershire,GL18 1RW,England,Not Available,0.36,51.94756,-2.44655,,,,,,,,,,,,
Wake Court Vineyard (Sherborne Castle),Dorset,DT9 5NG,England,www.sherbornecastle.com,2.5,50.91221,-2.42756,,,,,,,,,,,,
Walford House Vineyard,Shropshire,SY5 7ED,England,Not Available,0.2,52.62873,-2.77663,,,,,,,,,,,,
"Walgate, M.E. & Son",East Yorkshire,YO25 9LA,England,Not Available,0.2203,53.98639,-0.53982,,,,,,,,,,,,
"Wall Vineyard, The",Cornwall,PL17 8BJ,England,Not Available,0.3,50.50203,-4.24536,,,,,,,,,,,,
Walnut Cottage Vineyard,Buckinghamshire,HP8 4NT,England,Not Available,Not known,51.6379,-0.58572,,,,,,,,,,,,
Walnut Lodge Vineyard,Devon,EX37 9DB,England,Not Available,0.118,50.98484,-3.98224,,,,,,,,,,,,
Walsingham Estate Vineyard,Norfolk,NR22 6BP,England,www.walsinghamestate.co.uk,3.64,52.89421,0.87453,,,,,,,,,,,,
Walton Brook Vineyard,Leicestershire,LE12 5TQ,England,www.waltonbrook.com,1.92,52.78981,-1.10761,,,,,,,,,,,,
Warden Abbey Vineyard,Bedfordshire,SG18 9LS,England,www.wardenvineyard.org.uk,1.6194,52.08311,-0.36763,,,,,,,,,,,,
Warehorne Vineyard,Kent,TN26 2JT,England,www.warehornevineyard.co.uk,4.3,51.06412,0.84625,,,,,,,,,,,,
Warley Vineyard,Essex,CM13 3DR,England,Not Available,0.3,51.59255,0.29881,,,,,,,,,,,,
Warnham Vale Vineyard,West Sussex,RH12 3SQ,England,Not Available,0.8,51.10112,-0.36284,,,,,,,,,,,,
Watchcombe Vineyard,Devon,EX13 7QN,England,Not Available,0.8,50.76909,-3.09176,,,,,,,,,,,,
Watergrass Vineyard,Cork,Ireland,Ireland,Not Available,Not known,52.012612,-8.349064,,,,,,,,,,,,
Watermans Farm Vineyard,East Sussex,TN32 5TL,England,Not Available,2.04,50.98687,0.55471,,,,,,,,,,,,
Wayfarer Wines LLP,Kent,TN26 3TA,England,www.wayfarerwines.com,2.1368,51.07443,0.73952,,,,,,,,,,,,
Wayfarer Wines LLP,Kent,ME17 1RB,England,www.wayfarerwines.com,0.56,51.28036,0.62202,,,,,,,,,,,,
Wayford Vineyard,Somerset,TA18 8QN,England,www.wayfordvineyard.com,1.7,50.86052,-2.83894,,,,,,,,,,,,
Webb's Land Vineyard,Hampshire,PO17 5NS,England,www.webbsland.com,3.21,50.8949,-1.20277,,,,,,,,,,,,
Welcombe Hills Vineyard,Warwickshire,CV37 0QB,England,www.welcombehills.co.uk,0.71,52.2296,-1.69305,,,,,,,,,,,,
Welford Hill Farm Vineyard,Warwickshire,CV37 8AE,England,Not Available,1.4,52.15293,-1.78336,,,,,,,,,,,,
Welland Valley Vineyard,Northamptonshire,LE16 9SL,England,www.welland-valley-vineyard.com,0.5,52.46028,-0.95229,,,,,,,,,,,,
Wellhayes Vineyard,Devon,EX16 7NY,England,www.wellhayesvineyard.co.uk,1,51.00002,-3.39363,,,,,,,,,,,,
West Hendall Farm Vineyard,East Sussex,TN22 4BU,England,Not Available,0.14,51.0122,0.10074,,,,,,,,,,,,
West Park Vineyard,Hampshire,RG25 2DS,England,Not Available,5.5,51.17605,-1.13074,,,,,,,,,,,,n
West Street Vineyard,Essex,CO6 1NS,England,www.weststreetvineyard.co.uk,1.048,51.87066,0.68137,,,,,,,,,,,,
Westfield Gritts Vineyard (Farthings Vyd),East Yorkshire,YO25 9LY,England,facebook.com/Westfield-Gritts-Vineyards,1.82,54.03449,-0.63564,,,,,,,,,,,,
Westmeston Wine Estate,East Sussex,BN6 8XL,England,www.verjuice.com,4.7,50.9365,-0.09539,,,,,,,,,,,,
Westow Vineyard,East Yorkshire,YO25 4SP,England,www.westowvineyard.co.uk,0.6,54.0622,-0.37671,,,,,,,,,,,,
Westwell Wine Estates,Kent,TN25 0BW,England,www.westwellwines.co.uk,13.0389,51.202981,0.811511,,,,,,,,,,,,
Weyborne Estate,West Sussex,GU27 3DR,England,www.weyborne.com,8.3,51.04947,-0.69249,,,,,,,,,,,,
"Wharie Experience, The",Hampshire,SO41 6DP,England,Not Available,Not known,50.77171,-1.59488,,,,,,,,,,,,
Whatley Vineyard,Somerset,Not known,England,Not Available,0.1,51.226729,-2.378491,,,,,,,,,,,,
Whatlington Vineyard,East Sussex,Not known,England,Not Available,0.1,50.938957,0.50857,,,,,,,,,,,,
Whirlow Hall Farm Vineyard,South Yorkshire,S11 9QF,England,www.whirlowhallfarm.org,1,53.34425,-1.5286,,,,,,,,,,,,
White Acre Vineyard,Kent,TN17 2RJ,England,Not Available,0.1,51.09033,0.42806,,,,,,,,,,,,
White Castle Vineyard,Monmouthshire,NP7 8RA,Wales,www.whitecastlevineyard.com,2.5,51.85596,-2.90119,,,,,,,,,,,,
Whitehall Vineyards,Wiltshire,SN15 2JY,England,www.whitehallvineyard.co.uk,7.358,51.42048,-2.12413,,,,,,,,,,,,
Whitewolfe Estates,Kent,ME20 7DF,England,www.whitewolfe-estates.co.uk,8.83,51.31037,0.49924,,,,,,,,,,,,
Whitworth Hall Vineyard,County Durham,DL16 7QX,England,www.whitworthhall.co.uk,0.9999,54.70703,-1.63692,,,,,,,,,,,,
Wildwood Vineyard,East Sussex,TN3 9EQ,England,www.wildwoodvineyard.co.uk,0.4,51.08881,0.26896,,,,,,,,,,,,
Willow Grange Vineyard & Winery,Suffolk,IP6 9SY,England,Not Available,0.4,52.16546,1.13718,,,,,,,,,,,,
Wimbushes Vineyard,Hertfordshire,AL2 3NW,England,Not Available,0.14,51.73359,-0.37274,,,,,,,,,,,,
Winbirri Vineyard,Norfolk,NR14 7DE,England,www.winbirri.com,12.99,52.60651,1.40501,,,,,,,,,,,,
Winbirri Vineyard (2020),Norfolk,Not known,England,www.winbirri.com,5.2,52.605788,1.402624,,,,,,,,,,,,
Winding Wood Vineyard,Berkshire,RG17 9RJ,England,www.windingwoodvineyard.co.uk,0.5,51.43428,-1.44173,,,,,,,,,,,,
Windmill Hill Vineyard,North Somerset,BS25 5SE,England,Not Available,0.09,51.33452,-2.79916,,,,,,,,,,,,
"Wine Shed, The",Cambridgeshire,CB23 7ED,England,Not Available,0.025,52.18012,0.02292,,,,,,,,,,,,
Winklestone Vineyard,East Sussex,TN22 3BU,England,www.winklestone.co.uk,0.55,51.02177,0.09705,,,,,,,,,,,,
Winner Hill Vineyard,Gloucestershire,GL12 7QT,England,winnerhillvineyard.co.uk,0.4,51.61706,-2.33437,,,,,,,,,,,,
Winterfold Vineyard (Shere),Surrey,GU5 9JJ,England,Not Available,0.8097,51.18773,-0.47096,,,,,,,,,,,,
Wiston Estate - Broadwoods Vineyard,West Sussex,BN14 0RH,England,www.wistonestate.com,2.57,50.87624,-0.40898,,,,,,,,,,,,
Wiston Estate - Findon Park Vineyard,West Sussex,BN14 0RL,England,www.wistonestate.com,6.546,50.87968,-0.39948,,,,,,,,,,,,
Wiston Estate - North Farm Vineyard,West Sussex,RH20 4BB,England,www.wistonestate.com,1.0448,50.88668,-0.40933,,,,,,,,,,,,
Wodetone Vineyard,Dorset,DT6 6DF,England,twitter.com/wodetonev,10.92,50.76251,-2.91845,,,,,,,,,,,,
Wolf Oak Vineyard,Berkshire,RG10 9YJ,England,Not Available,2.89,51.51749,-0.81742,,,,,,,,,,,,
Womack's Vineyard,Nottinghamshire,NG19 8LW,England,Not Available,0.53,53.19779,-1.17814,,,,,,,,,,,,
Wooda Farm Vineyard,Devon,EX21 5HW,England,Not Available,0.41,50.8367,-4.18686,,,,,,,,,,,,
Woodberry Vineyard,Hampshire,PO9 6BY,England,Not Available,0.39,50.89655,-0.96006,,,,,,,,,,,,
Woodchester Valley Vineyard,Gloucestershire,GL5 5HR,England,www.woodchestervalleyvineyard.co.uk,14.23,51.71145,-2.23497,,,,,,,,,,,,
Woodchester Valley Vineyard (Amberley),Gloucestershire,GL5 5BA,England,www.woodchestervalleyvineyard.co.uk,2,51.71017,-2.22606,,,,,,,,,,,,
Woodchester Valley Vineyard (Doverow),Gloucestershire,GL10 2JZ,England,www.woodchestervalleyvineyard.co.uk,6.68,51.74249,-2.27459,,,,,,,,,,,,
Woodchurch Wine Estate,Kent,TN26 3RE,England,www.woodchurchwine.co.uk,3.3,51.08253,0.75719,,,,,,,,,,,,
Woodford Vineyard,Somerset,TA4 4HR,England,Not Available,0.1,51.13787,-3.33912,,,,,,,,,,,,
Woodmancote Vineyard,West Sussex,BN5 9RT,England,Not Available,2.38,50.92236,-0.25515,,,,,,,,,,,,
Woodreed Vineyard,East Sussex,TN20 6LJ,England,Not Available,1,51.01004,0.21675,,,,,,,,,,,,
Woodside Park Vineyard,Berkshire,Not known,England,Not Available,0.1,51.429891,-0.666262,,,,,,,,,,,,
Woolton Vineyard,Kent,CT4 5EA,England,www.wooltonfarm.co.uk,1,51.26851,1.13966,,,,,,,,,,,,
Wootton Vineyard,Somerset,BA4 4AG,England,Not Available,0.1,51.17759,-2.61583,,,,,,,,,,,,
Wraxall Vineyard,Somerset,BA4 6RQ,England,www.wraxallvineyard.co.uk,2.28,51.12554,-2.56694,,,,,,,,,,,,
Wroxeter Roman Vineyard,Shropshire,SY5 6PQ,England,www.wroxetervineyard.co.uk,2.685,52.6678,-2.64345,,,,,,,,,,,,
WSB Reg. No. 6361 Silverton Vineyard,Devon,EX5 4DQ,England,Not Available,1.2,50.81852,-3.45822,,,,,,,,,,,,
WSB Reg. No. 7173 Dryhill Vineyard,Gloucestershire,GL53 9QR,England,www.dryhillwine.co.uk,0.809,51.85466,-2.09969,,,,,,,,,,,,
WSB Reg. No. 7535 River Bride Vineyard,Dorset,DT6 4ND,England,Not Available,0.315,50.70681,-2.70012,,,,,,,,,,,,
WSB Reg. No. 9080 Yew Tree Vineyard,Oxfordshire,OX11 0NP,England,Not Available,2.2,51.59118,-1.25601,,,,,,,,,,,,
WSB Reg. No: 8012 Churchlands Farm Vineyard,Kent,TN30 7JT,England,Not Available,20,51.01312,0.7653,,,,,,,,,,,,
Wyches Vineyard,Hampshire,SO32 2UQ,England,www.wychesvineyard.co.uk,1.4544,50.95315,-1.17268,,,,,,,,,,,,
Wyfold Vineyard,Oxfordshire,RG4 9HU,England,www.wyfoldvineyard.com,2.23,51.52987,-1.00935,,,,,,,,,,,,
Wyken Vineyard,Suffolk,IP31 2DW,England,www.wykenvineyards.co.uk,2.76,52.30872,0.87879,,,,,,,,,,,,
Wylye Valley Vineyard,Wiltshire,BA12 8BQ,England,Not Available,3.6,51.18837,-2.19122,,,,,,,,,,,,
Wythall Estate Vineyard,Herefordshire,HR9 5SD,England,www.wythallestate.co.uk,1.4,51.88294,-2.58903,,,,,,,,,,,,
Yarkhill Vineyard,Herefordshire,HR1 4JU,England,Not Available,2.02,52.04196,-2.65363,,,,,,,,,,,,
Yearlstone Vineyard,Devon,EX16 8RL,England,www.yearlstone.co.uk,3,50.86217,-3.50906,,,,,,,,,,,,
Yeomans Vineyard,Kent,TN23 3AT,England,Not Available,0.13,51.14285,0.83099,,,,,,,,,,,,
Yorkshire Heart Vineyard,North Yorkshire,YO26 8EL,England,www.yorkshireheart.com,5.2,54.01635,-1.23214,,,,,,,,,,,,
Yotes Court Vineyard,Kent,ME18 5JT,England,www.yotescourt.co.uk,30.265,51.25119,0.35536,,,,,,,,,,,,
